time[ms],voltage[mV]
2.501680567021388413e+00,-7.021408843994140625e+01
2.844408954120147826e+00,-7.021408843994140625e+01
3.187137360311020018e+00,-7.021408843994140625e+01
3.529865736699569823e+00,-7.021408843994140625e+01
3.872594113088119627e+00,-7.021408843994140625e+01
4.215322489476669432e+00,-7.021408843994140625e+01
4.558050865865219237e+00,-7.021408843994140625e+01
4.900779242253769041e+00,-7.021408843994140625e+01
5.243507618642318846e+00,-7.021408843994140625e+01
5.586235995030868651e+00,-7.021408843994140625e+01
5.928964371419418455e+00,-7.021408843994140625e+01
6.271692747807968260e+00,-7.021408843994140625e+01
6.614421124196518065e+00,-7.021408843994140625e+01
6.957149739003646971e+00,-7.021408843994140625e+01
7.299877876973617674e+00,-7.021408843994140625e+01
7.642606491780746580e+00,-7.021408843994140625e+01
7.985334629750717284e+00,-7.021408843994140625e+01
8.328063244557846190e+00,-7.021408843994140625e+01
8.670791382527816893e+00,-7.021408843994140625e+01
9.013519997334945799e+00,-7.021408843994140625e+01
9.356248135304916502e+00,-7.021408843994140625e+01
9.698976750112045409e+00,-7.021408843994140625e+01
1.004170488808201611e+01,-7.021408843994140625e+01
1.038443350288914502e+01,-7.021408843994140625e+01
1.072716211769627392e+01,-7.021408843994140625e+01
1.106989073250340283e+01,-7.021408843994140625e+01
1.141261839363621533e+01,-7.021408843994140625e+01
1.175534700844334424e+01,-7.021408843994140625e+01
1.209807562325047314e+01,-7.021408843994140625e+01
1.244080423805760205e+01,-7.021408843994140625e+01
1.278353189919041455e+01,-7.021408843994140625e+01
1.312626051399754346e+01,-7.021408843994140625e+01
1.346898912880467236e+01,-7.021408843994140625e+01
1.381171774361180127e+01,-7.021408843994140625e+01
1.415444540474461377e+01,-7.021408843994140625e+01
1.449717401955174267e+01,-7.021408843994140625e+01
1.483990263435887158e+01,-7.021408843994140625e+01
1.518263124916600049e+01,-7.021408843994140625e+01
1.552535891029881299e+01,-7.021408843994140625e+01
1.586808752510594189e+01,-7.021408843994140625e+01
1.621081613991307080e+01,-7.021408843994140625e+01
1.655354475472019971e+01,-7.021408843994140625e+01
1.689627241585301221e+01,-7.021408843994140625e+01
1.723900103066014111e+01,-7.021408843994140625e+01
1.758172964546727002e+01,-7.021408843994140625e+01
1.792445826027439892e+01,-7.021408843994140625e+01
1.826718687508152783e+01,-7.021408843994140625e+01
1.860991453621434033e+01,-7.021408843994140625e+01
1.895264410469578564e+01,-7.021408843994140625e+01
1.929537176582859814e+01,-7.021408843994140625e+01
1.963809942696141064e+01,-7.021408843994140625e+01
1.998082899544285596e+01,-7.021408843994140625e+01
2.032355665657566846e+01,-7.021408843994140625e+01
2.066628431770848096e+01,-7.021408843994140625e+01
2.100901388618992627e+01,-7.021408843994140625e+01
2.135174154732273877e+01,-7.021408843994140625e+01
2.169447111580418408e+01,-7.021408843994140625e+01
2.203719877693699658e+01,-7.021408843994140625e+01
2.237992643806980908e+01,-7.021408843994140625e+01
2.272265600655125439e+01,-7.021408843994140625e+01
2.306538366768406689e+01,-7.021408843994140625e+01
2.340811132881687939e+01,-7.021408843994140625e+01
2.375084089729832471e+01,-7.021408843994140625e+01
2.409356855843113721e+01,-7.021408843994140625e+01
2.443629812691258252e+01,-7.021408843994140625e+01
2.477902578804539502e+01,-7.021408843994140625e+01
2.512175344917820752e+01,-7.021408843994140625e+01
2.546448301765965283e+01,-7.021408843994140625e+01
2.580721067879246533e+01,-7.021408843994140625e+01
2.614994024727391064e+01,-7.021408843994140625e+01
2.649266790840672314e+01,-7.021408843994140625e+01
2.683539556953953564e+01,-7.021408843994140625e+01
2.717812513802098096e+01,-7.021408843994140625e+01
2.752085279915379346e+01,-7.021408843994140625e+01
2.786358046028660596e+01,-7.021408843994140625e+01
2.820631002876805127e+01,-7.021408843994140625e+01
2.854903768990086377e+01,-7.021408843994140625e+01
2.889176725838230908e+01,-7.021408843994140625e+01
2.923449491951512158e+01,-7.021408843994140625e+01
2.957722258064793408e+01,-7.021408843994140625e+01
2.991995214912937939e+01,-7.021408843994140625e+01
3.026267981026219189e+01,-7.021408843994140625e+01
3.060540747139500439e+01,-7.021408843994140625e+01
3.094813703987644971e+01,-7.021408843994140625e+01
3.129086470100926221e+01,-7.021408843994140625e+01
3.163359426949070752e+01,-7.021408843994140625e+01
3.197632193062352002e+01,-7.021408843994140625e+01
3.231904959175633252e+01,-7.021408843994140625e+01
3.266177916023777783e+01,-7.021408843994140625e+01
3.300450682137059033e+01,-7.021408843994140625e+01
3.334723638985203564e+01,-7.021408843994140625e+01
3.368996405098484814e+01,-7.021408843994140625e+01
3.403269171211766064e+01,-7.021408843994140625e+01
3.437542128059910596e+01,-7.021408843994140625e+01
3.471815084908055127e+01,-7.021408843994140625e+01
3.506087851021336377e+01,-7.021408843994140625e+01
3.540360617134617627e+01,-7.021408843994140625e+01
3.574633383247898877e+01,-7.021408843994140625e+01
3.608906149361180127e+01,-7.021408843994140625e+01
3.643178915474461377e+01,-7.021408843994140625e+01
3.677452063057469189e+01,-7.021408843994140625e+01
3.711724829170750439e+01,-7.021408843994140625e+01
3.745997595284031689e+01,-7.021408843994140625e+01
3.780270361397312939e+01,-7.021408843994140625e+01
3.814543127510594189e+01,-7.021408843994140625e+01
3.848816275093602002e+01,-7.021408843994140625e+01
3.883089041206883252e+01,-7.021408843994140625e+01
3.917361807320164502e+01,-7.021408843994140625e+01
3.951634573433445752e+01,-7.021408843994140625e+01
3.985907339546727002e+01,-7.021408843994140625e+01
4.020180487129734814e+01,-7.021408843994140625e+01
4.054453253243016064e+01,-7.021408843994140625e+01
4.088726019356297314e+01,-7.021408843994140625e+01
4.122998785469578564e+01,-7.021408843994140625e+01
4.157271551582859814e+01,-7.021408843994140625e+01
4.191544699165867627e+01,-7.021408843994140625e+01
4.225817465279148877e+01,-7.021408843994140625e+01
4.260090231392430127e+01,-7.021408843994140625e+01
4.294362997505711377e+01,-7.021408843994140625e+01
4.328635763618992627e+01,-7.021408843994140625e+01
4.362908529732273877e+01,-7.021408843994140625e+01
4.397181677315281689e+01,-7.021408843994140625e+01
4.431454443428562939e+01,-7.021408843994140625e+01
4.465727209541844189e+01,-7.021408843994140625e+01
4.499999975655125439e+01,-7.021408843994140625e+01
4.534272741768406689e+01,-7.021408843994140625e+01
4.568545889351414502e+01,-7.021408843994140625e+01
4.602818655464695752e+01,-7.021408843994140625e+01
4.637091421577977002e+01,-7.021408843994140625e+01
4.671364187691258252e+01,-7.021408843994140625e+01
4.705636953804539502e+01,-7.021408843994140625e+01
4.739910101387547314e+01,-7.021408843994140625e+01
4.774182867500828564e+01,-7.021408843994140625e+01
4.808455633614109814e+01,-7.021408843994140625e+01
4.842728399727391064e+01,-7.021408843994140625e+01
4.877001165840672314e+01,-7.021408843994140625e+01
4.911274313423680127e+01,-7.021408843994140625e+01
4.945547079536961377e+01,-7.021408843994140625e+01
4.979819845650242627e+01,-7.021408843994140625e+01
5.003709005806492627e+01,-7.010903167724609375e+01
5.005628561470555127e+01,-6.978948211669921875e+01
5.007198690865086377e+01,-6.946971893310546875e+01
5.008544516060398877e+01,-6.914987182617187500e+01
5.009867071602391064e+01,-6.883001708984375000e+01
5.011181234810398877e+01,-6.851015472412109375e+01
5.012385534737156689e+01,-6.819025421142578125e+01
5.013590216133641064e+01,-6.787036132812500000e+01
5.014794897530125439e+01,-6.755046081542968750e+01
5.015975546333836377e+01,-6.723055267333984375e+01
5.017103170845555127e+01,-6.691063690185546875e+01
5.018231176827000439e+01,-6.659071350097656250e+01
5.019358801338719189e+01,-6.627079010009765625e+01
5.020486807320164502e+01,-6.595086669921875000e+01
5.021569418404148877e+01,-6.563092803955078125e+01
5.022637915108250439e+01,-6.531098937988281250e+01
5.023706030342625439e+01,-6.499105072021484375e+01
5.024774527046727002e+01,-6.467111206054687500e+01
5.025843023750828564e+01,-6.435116577148437500e+01
5.026884054634617627e+01,-6.403121948242187500e+01
5.027900289986180127e+01,-6.371126556396484375e+01
5.028916143868016064e+01,-6.339131164550781250e+01
5.029932379219578564e+01,-6.307135772705078125e+01
5.030948233101414502e+01,-6.275139999389648438e+01
5.031964468452977002e+01,-6.243144607543945312e+01
5.032944082710789502e+01,-6.211148071289062500e+01
5.033909964058445752e+01,-6.179151153564453125e+01
5.034875845406102002e+01,-6.147154235839843750e+01
5.035841726753758252e+01,-6.115157699584960938e+01
5.036807608101414502e+01,-6.083160781860351562e+01
5.037773489449070752e+01,-6.051163864135742188e+01
5.038714193794773877e+01,-6.019166183471679688e+01
5.039628958199070752e+01,-5.987168121337890625e+01
5.040544104073094189e+01,-5.955170059204101562e+01
5.041459249947117627e+01,-5.923171997070312500e+01
5.042374395821141064e+01,-5.891173553466796875e+01
5.043289160225437939e+01,-5.859175491333007812e+01
5.044204306099461377e+01,-5.827177429199218750e+01
5.045066809151219189e+01,-5.795177841186523438e+01
5.045927404854344189e+01,-5.763178253173828125e+01
5.046788000557469189e+01,-5.731179046630859375e+01
5.047648214790867627e+01,-5.699179458618164062e+01
5.048508810493992627e+01,-5.667179870605468750e+01
5.049369406197117627e+01,-5.635180282592773438e+01
5.050215506050633252e+01,-5.603180694580078125e+01
5.051015066597508252e+01,-5.571179962158203125e+01
5.051814627144383252e+01,-5.539178848266601562e+01
5.052614187691258252e+01,-5.507178115844726562e+01
5.053413748238133252e+01,-5.475177383422851562e+01
5.054213308785008252e+01,-5.443176269531250000e+01
5.055013250801609814e+01,-5.411175537109375000e+01
5.055782293770359814e+01,-5.379174041748046875e+01
5.056512045357273877e+01,-5.347171783447265625e+01
5.057241415474461377e+01,-5.315169525146484375e+01
5.057970785591648877e+01,-5.283166885375976562e+01
5.058700537178562939e+01,-5.251164627075195312e+01
5.059429907295750439e+01,-5.219162368774414062e+01
5.060159658882664502e+01,-5.187160110473632812e+01
5.060831808540867627e+01,-5.155156707763671875e+01
5.061477255318211377e+01,-5.123152923583984375e+01
5.062123083565281689e+01,-5.091148757934570312e+01
5.062768530342625439e+01,-5.059144973754882812e+01
5.063414358589695752e+01,-5.027141189575195312e+01
5.064060186836766064e+01,-4.995137023925781250e+01
5.064694570992039502e+01,-4.963133239746093750e+01
5.065237402412937939e+01,-4.931127548217773438e+01
5.065780233833836377e+01,-4.899121856689453125e+01
5.066323065254734814e+01,-4.867116546630859375e+01
5.066865896675633252e+01,-4.835110855102539062e+01
5.067408728096531689e+01,-4.803105163574218750e+01
5.067951559517430127e+01,-4.771099853515625000e+01
5.068384909126805127e+01,-4.739092636108398438e+01
5.068795752022312939e+01,-4.707085418701171875e+01
5.069206594917820752e+01,-4.675078201293945312e+01
5.069617437813328564e+01,-4.643070983886718750e+01
5.070028662178562939e+01,-4.611063766479492188e+01
5.070439505074070752e+01,-4.579056549072265625e+01
5.070680593941258252e+01,-4.547047805786132812e+01
5.070916342232273877e+01,-4.515038681030273438e+01
5.071152090523289502e+01,-4.483029937744140625e+01
5.071387838814305127e+01,-4.451021194458007812e+01
5.071623587105320752e+01,-4.419012451171875000e+01
5.071985220406102002e+01,-4.387004852294921875e+01
5.072416281197117627e+01,-4.354997634887695312e+01
5.072846960518406689e+01,-4.322990417480468750e+01
5.073278021309422314e+01,-4.290983581542968750e+01
5.074167227242039502e+01,-4.258985519409179688e+01
5.075175833199070752e+01,-4.226989746093750000e+01
5.076184820625828564e+01,-4.194993972778320312e+01
5.077207922432469189e+01,-4.162998962402343750e+01
5.078729986641453564e+01,-4.131020736694335938e+01
5.080252432320164502e+01,-4.099042892456054688e+01
5.081774496529148877e+01,-4.067065048217773438e+01
5.083439230415867627e+01,-4.035093688964843750e+01
5.085396551582859814e+01,-4.003136444091796875e+01
5.087353491280125439e+01,-3.971178817749023438e+01
5.089310430977391064e+01,-3.939221572875976562e+01
5.091499685738133252e+01,-3.907277679443359375e+01
5.093802618477391064e+01,-3.875340652465820312e+01
5.096105932686375439e+01,-3.843403244018554688e+01
5.098418020699070752e+01,-3.811466598510742188e+01
5.100970816109227002e+01,-3.779545974731445312e+01
5.103523230049656689e+01,-3.747625350952148438e+01
5.106076025459812939e+01,-3.715704727172851562e+01
5.108688711617039502e+01,-3.683788299560546875e+01
5.111390661690281689e+01,-3.651878356933593750e+01
5.114092230293797314e+01,-3.619968414306640625e+01
5.116793798897312939e+01,-3.588058471679687500e+01
5.119531988594578564e+01,-3.556151199340820312e+01
5.122282003853367627e+01,-3.524244689941406250e+01
5.125032019112156689e+01,-3.492338562011718750e+01
5.127779364082859814e+01,-3.460432052612304688e+01
5.130478262398289502e+01,-3.428521728515625000e+01
5.133177160713719189e+01,-3.396611404418945312e+01
5.135876440498875439e+01,-3.364701461791992188e+01
5.138531851265477002e+01,-3.332788085937500000e+01
5.141086935493992627e+01,-3.300867462158203125e+01
5.143642019722508252e+01,-3.268947219848632812e+01
5.146197485420750439e+01,-3.237026596069335938e+01
5.148645758125828564e+01,-3.205099105834960938e+01
5.150971579048680127e+01,-3.173163223266601562e+01
5.153297399971531689e+01,-3.141227531433105469e+01
5.155623220894383252e+01,-3.109291648864746094e+01
5.157788443062352002e+01,-3.077346420288085938e+01
5.159809469673680127e+01,-3.045392417907714844e+01
5.161830877754734814e+01,-3.013438606262207031e+01
5.163851904366062939e+01,-2.981484794616699219e+01
5.165700888130711377e+01,-2.949522209167480469e+01
5.167352652046727002e+01,-2.917549896240234375e+01
5.169004797432469189e+01,-2.885577583312988281e+01
5.170656561348484814e+01,-2.853605079650878906e+01
5.172198461983250439e+01,-2.821628379821777344e+01
5.173428701851414502e+01,-2.789639472961425781e+01
5.174658560249852002e+01,-2.757650566101074219e+01
5.175888418648289502e+01,-2.725661659240722656e+01
5.177118658516453564e+01,-2.693672561645507812e+01
5.177936529610203564e+01,-2.661672401428222656e+01
5.178703283760594189e+01,-2.629670906066894531e+01
5.179470037910984814e+01,-2.597669410705566406e+01
5.180237173531102002e+01,-2.565667724609375000e+01
5.180841421577977002e+01,-2.533663940429687500e+01
5.181117224190281689e+01,-2.501655387878417969e+01
5.181393408272312939e+01,-2.469646835327148438e+01
5.181669210884617627e+01,-2.437638282775878906e+01
5.181945394966648877e+01,-2.405629730224609375e+01
5.182107138130711377e+01,-2.373620605468750000e+01
5.182180380318211377e+01,-2.341611099243164062e+01
5.182253241035984814e+01,-2.309601593017578125e+01
5.182326483223484814e+01,-2.277592086791992188e+01
5.182399725410984814e+01,-2.245582580566406250e+01
5.182555746529148877e+01,-2.213573455810546875e+01
5.182725500557469189e+01,-2.181564331054687500e+01
5.182894873116062939e+01,-2.149555015563964844e+01
5.183064245674656689e+01,-2.117545890808105469e+01
5.183251165840672314e+01,-2.085536766052246094e+01
5.183505606148289502e+01,-2.053528022766113281e+01
5.183760427925633252e+01,-2.021519470214843750e+01
5.184014868233250439e+01,-1.989510726928710938e+01
5.184269308540867627e+01,-1.957501983642578125e+01
5.184572958443211377e+01,-1.925493812561035156e+01
5.184910177681492627e+01,-1.893485641479492188e+01
5.185247015450047314e+01,-1.861477661132812500e+01
5.185584234688328564e+01,-1.829469680786132812e+01
5.185923361275242627e+01,-1.797461700439453125e+01
5.186331915352391064e+01,-1.765454292297363281e+01
5.186740087959812939e+01,-1.733447074890136719e+01
5.187148260567234814e+01,-1.701439666748046875e+01
5.187556433174656689e+01,-1.669432449340820312e+01
5.187997793648289502e+01,-1.637425613403320312e+01
5.188469290230320752e+01,-1.605418968200683594e+01
5.188941168282078564e+01,-1.573412418365478516e+01
5.189413046333836377e+01,-1.541405868530273438e+01
5.189887976143406689e+01,-1.509399414062500000e+01
5.190414404366062939e+01,-1.477393627166748047e+01
5.190940832588719189e+01,-1.445387840270996094e+01
5.191467260811375439e+01,-1.413381958007812500e+01
5.191993689034031689e+01,-1.381376171112060547e+01
5.192550634834812939e+01,-1.349370861053466797e+01
5.193123220894383252e+01,-1.317365741729736328e+01
5.193695806953953564e+01,-1.285360622406005859e+01
5.194268774483250439e+01,-1.253355503082275391e+01
5.194852804634617627e+01,-1.221350574493408203e+01
5.195462393257664502e+01,-1.189346122741699219e+01
5.196071981880711377e+01,-1.157341575622558594e+01
5.196681570503758252e+01,-1.125337123870849609e+01
5.197291922066258252e+01,-1.093332576751708984e+01
5.197929357979344189e+01,-1.061328506469726562e+01
5.198566793892430127e+01,-1.029324531555175781e+01
5.199204611275242627e+01,-9.973204612731933594e+00
5.199842047188328564e+01,-9.653163909912109375e+00
5.200493597481297314e+01,-9.333126068115234375e+00
5.201148962471531689e+01,-9.013089179992675781e+00
5.201804327461766064e+01,-8.693052291870117188e+00
5.202459692452000439e+01,-8.373014450073242188e+00
5.203119635078953564e+01,-8.052978515625000000e+00
5.203782629463719189e+01,-7.732942581176757812e+00
5.204445242378758252e+01,-7.412906646728515625e+00
5.205107855293797314e+01,-7.092870712280273438e+00
5.205768942329930127e+01,-6.772834300994873047e+00
5.206428503487156689e+01,-6.452797889709472656e+00
5.207088446114109814e+01,-6.132761478424072266e+00
5.207748007271336377e+01,-5.812725067138671875e+00
5.208399939034031689e+01,-5.492687225341796875e+00
5.209045004341648877e+01,-5.172647953033447266e+00
5.209690069649266064e+01,-4.852609157562255859e+00
5.210335516426609814e+01,-4.532569885253906250e+00
5.210964560005711377e+01,-4.212528228759765625e+00
5.211583685371922314e+01,-3.892484903335571289e+00
5.212202810738133252e+01,-3.572441339492797852e+00
5.212821554634617627e+01,-3.252397775650024414e+00
5.213412451241062939e+01,-2.932349443435668945e+00
5.213992666695164502e+01,-2.612299680709838867e+00
5.214573263618992627e+01,-2.292249917984008789e+00
5.215153479073094189e+01,-1.972200036048889160e+00
5.215717672798680127e+01,-1.652147650718688965e+00
5.216281103584812939e+01,-1.332095146179199219e+00
5.216844534370945752e+01,-1.012042641639709473e+00
5.217407965157078564e+01,-6.919900774955749512e-01
5.217971014473484814e+01,-3.719375729560852051e-01
5.218534445259617627e+01,-5.188506096601486206e-02
5.219097876045750439e+01,2.681674361228942871e-01
5.219675802681492627e+01,5.882176160812377930e-01
5.220276617500828564e+01,9.082642197608947754e-01
5.220877432320164502e+01,1.228310823440551758e+00
5.221478247139500439e+01,1.548357367515563965e+00
5.222078680489109814e+01,1.868403911590576172e+00
5.222679495308445752e+01,2.188450574874877930e+00
5.223280310127781689e+01,2.508496999740600586e+00
5.223881124947117627e+01,2.828543663024902344e+00
5.224535345528172314e+01,3.148581027984619141e+00
5.225208639595555127e+01,3.468615055084228516e+00
5.225881552193211377e+01,3.788649082183837891e+00
5.226554846260594189e+01,4.108683109283447266e+00
5.227228140327977002e+01,4.428717136383056641e+00
5.227901052925633252e+01,4.748751163482666016e+00
5.228574346993016064e+01,5.068785190582275391e+00
5.229254888985203564e+01,5.388817310333251953e+00
5.230037664864109814e+01,5.708829879760742188e+00
5.230820822212742627e+01,6.028841972351074219e+00
5.231603598091648877e+01,6.348854064941406250e+00
5.232386373970555127e+01,6.668866634368896484e+00
5.233169531319187939e+01,6.988878726959228516e+00
5.233952307198094189e+01,7.308890819549560547e+00
5.234735083077000439e+01,7.628903388977050781e+00
5.235587286446141064e+01,7.948899269104003906e+00
5.236521124336766064e+01,8.268876075744628906e+00
5.237454962227391064e+01,8.588852882385253906e+00
5.238388800118016064e+01,8.908829689025878906e+00
5.239322638008641064e+01,9.228806495666503906e+00
5.240256475899266064e+01,9.548784255981445312e+00
5.241190313789891064e+01,9.868761062622070312e+00
5.242124151680516064e+01,1.018873786926269531e+01
5.243255972359227002e+01,1.050865840911865234e+01
5.244390081856297314e+01,1.082857894897460938e+01
5.245524191353367627e+01,1.114849948883056641e+01
5.246658300850437939e+01,1.146842002868652344e+01
5.247792028877781689e+01,1.178834056854248047e+01
5.248926138374852002e+01,1.210826110839843750e+01
5.250060247871922314e+01,1.242818164825439453e+01
5.251388143990086377e+01,1.274803543090820312e+01
5.252783178780125439e+01,1.306786537170410156e+01
5.254177832100437939e+01,1.338769626617431641e+01
5.255572485420750439e+01,1.370752716064453125e+01
5.256967138741062939e+01,1.402735710144042969e+01
5.258361792061375439e+01,1.434718799591064453e+01
5.259756445381687939e+01,1.466701889038085938e+01
5.261423086617039502e+01,1.498673343658447266e+01
5.263156866524266064e+01,1.530641937255859375e+01
5.264890264961766064e+01,1.562610530853271484e+01
5.266624044868992627e+01,1.594579124450683594e+01
5.268357824776219189e+01,1.626547622680664062e+01
5.270091604683445752e+01,1.658516311645507812e+01
5.271932196114109814e+01,1.690479278564453125e+01
5.274111151192234814e+01,1.722423934936523438e+01
5.276290487740086377e+01,1.754368782043457031e+01
5.278469442818211377e+01,1.786313629150390625e+01
5.280648397896336377e+01,1.818258476257324219e+01
5.282827734444187939e+01,1.850203323364257812e+01
5.285089849922703564e+01,1.882142448425292969e+01
5.287865805122898877e+01,1.914046859741210938e+01
5.290642141792820752e+01,1.945951271057128906e+01
5.293418096993016064e+01,1.977855682373046875e+01
5.296194433662937939e+01,2.009760093688964844e+01
5.298970388863133252e+01,2.041664314270019531e+01
5.302223944160984814e+01,2.073527145385742188e+01
5.305825399849461377e+01,2.105359458923339844e+01
5.309427237007664502e+01,2.137191772460937500e+01
5.313028692696141064e+01,2.169024085998535156e+01
5.316630148384617627e+01,2.200856590270996094e+01
5.320991491768406689e+01,2.232601165771484375e+01
5.325789617989109814e+01,2.264295578002929688e+01
5.330587744209812939e+01,2.295989990234375000e+01
5.335385870430516064e+01,2.327684211730957031e+01
5.340897345039891064e+01,2.359265708923339844e+01
5.347552847359227002e+01,2.390665817260742188e+01
5.354208731148289502e+01,2.422066116333007812e+01
5.360864233467625439e+01,2.453466224670410156e+01
5.370382666084812939e+01,2.484202194213867188e+01
5.380232214424656689e+01,2.514861488342285156e+01
5.391550039742039502e+01,2.544953727722167969e+01
5.407762503120945752e+01,2.573155403137207031e+01
5.429390692207859814e+01,2.596523094177246094e+01
5.460004782173680127e+01,2.606309318542480469e+01
5.492296194527195752e+01,2.597409629821777344e+01
5.517906546089695752e+01,2.576147270202636719e+01
5.535773825142430127e+01,2.548831748962402344e+01
5.552147650215672314e+01,2.520754814147949219e+01
5.567083715889500439e+01,2.491944694519042969e+01
5.582067083809422314e+01,2.463155937194824219e+01
5.597088598702000439e+01,2.434384918212890625e+01
5.612222265694187939e+01,2.405667877197265625e+01
5.628815817329930127e+01,2.377660369873046875e+01
5.645409750435398877e+01,2.349652862548828125e+01
5.662044882271336377e+01,2.321668624877929688e+01
5.680845236275242627e+01,2.294904708862304688e+01
5.699645208809422314e+01,2.268140792846679688e+01
5.718445562813328564e+01,2.241376876831054688e+01
5.738005804512547314e+01,2.215122985839843750e+01
5.759158682320164502e+01,2.189937400817871094e+01
5.780311560127781689e+01,2.164751625061035156e+01
5.801464056465672314e+01,2.139566040039062500e+01
5.822616934273289502e+01,2.114380455017089844e+01
5.845753454659031689e+01,2.090780639648437500e+01
5.869131063911961377e+01,2.067373275756835938e+01
5.892508673164891064e+01,2.043966102600097656e+01
5.915886282417820752e+01,2.020558738708496094e+01
5.939263891670750439e+01,1.997151565551757812e+01
5.963843512032078564e+01,1.974880599975585938e+01
5.989184545967625439e+01,1.953329658508300781e+01
6.014525961372898877e+01,1.931778526306152344e+01
6.039867376778172314e+01,1.910227584838867188e+01
6.065208410713719189e+01,1.888676452636718750e+01
6.090549826118992627e+01,1.867125511169433594e+01
6.116482519600437939e+01,1.846228981018066406e+01
6.143484472725437939e+01,1.826515579223632812e+01
6.170486807320164502e+01,1.806801986694335938e+01
6.197488760445164502e+01,1.787088584899902344e+01
6.224490713570164502e+01,1.767375183105468750e+01
6.251492666695164502e+01,1.747661781311035156e+01
6.278494619820164502e+01,1.727948379516601562e+01
6.305496954414891064e+01,1.708234786987304688e+01
6.333844351265477002e+01,1.690246200561523438e+01
6.362213873360203564e+01,1.672286415100097656e+01
6.390583776924656689e+01,1.654326438903808594e+01
6.418953299019383962e+01,1.636366462707519531e+01
6.447323202583837087e+01,1.618406677246093750e+01
6.475693106148290212e+01,1.600446701049804688e+01
6.504062628243016775e+01,1.582486915588378906e+01
6.532432531807469900e+01,1.564527034759521484e+01
6.561186193916844900e+01,1.547132301330566406e+01
6.590665411446141775e+01,1.530804729461669922e+01
6.620144247505712087e+01,1.514477062225341797e+01
6.649623083565282400e+01,1.498149490356445312e+01
6.679102301094579275e+01,1.481821918487548828e+01
6.708580755684423025e+01,1.465494346618652344e+01
6.738059973213719900e+01,1.449166774749755859e+01
6.767538427803563650e+01,1.432839202880859375e+01
6.797017645332860525e+01,1.416511631011962891e+01
6.826496862862157400e+01,1.400184059143066406e+01
6.856234716866063650e+01,1.384290790557861328e+01
6.886605810616063650e+01,1.369458293914794922e+01
6.916976904366063650e+01,1.354625892639160156e+01
6.947348761055516775e+01,1.339793395996093750e+01
6.977719854805516775e+01,1.324960899353027344e+01
7.008090948555516775e+01,1.310128498077392578e+01
7.038462042305516775e+01,1.295296001434326172e+01
7.068833898994969900e+01,1.280463600158691406e+01
7.099204992744969900e+01,1.265631103515625000e+01
7.129576086494969900e+01,1.250798606872558594e+01
7.159947180244969900e+01,1.235966205596923828e+01
7.190319036934423025e+01,1.221133708953857422e+01
7.221162390205907400e+01,1.207195281982421875e+01
7.252249121162938650e+01,1.193718719482421875e+01
7.283336615059423025e+01,1.180242061614990234e+01
7.314424108955907400e+01,1.166765499114990234e+01
7.345510839912938650e+01,1.153288841247558594e+01
7.376598333809423025e+01,1.139812278747558594e+01
7.407685827705907400e+01,1.126335620880126953e+01
7.438773321602391775e+01,1.112859058380126953e+01
7.469860052559423025e+01,1.099382400512695312e+01
7.500947546455907400e+01,1.085905838012695312e+01
7.532035040352391775e+01,1.072429180145263672e+01
7.563121771309423025e+01,1.058952617645263672e+01
7.594209265205907400e+01,1.045475959777832031e+01
7.625465368721532400e+01,1.032358646392822266e+01
7.657127356026219900e+01,1.020104694366455078e+01
7.688789343330907400e+01,1.007850742340087891e+01
7.720451330635594900e+01,9.955967903137207031e+00
7.752113317940282400e+01,9.833428382873535156e+00
7.783775305244969900e+01,9.710888862609863281e+00
7.815437292549657400e+01,9.588349342346191406e+00
7.847099279854344900e+01,9.465809822082519531e+00
7.878761267159032400e+01,9.343270301818847656e+00
7.910423254463719900e+01,9.220730781555175781e+00
7.942085241768407400e+01,9.098191261291503906e+00
7.973747229073094900e+01,8.975651741027832031e+00
8.005409216377782400e+01,8.853113174438476562e+00
8.037071966621923025e+01,8.730573654174804688e+00
8.068733953926610525e+01,8.608034133911132812e+00
8.100393652412938650e+01,8.485454559326171875e+00
8.132002996895360525e+01,8.361734390258789062e+00
8.163612341377782400e+01,8.238014221191406250e+00
8.195221685860204275e+01,8.114293098449707031e+00
8.226831030342626150e+01,7.990572929382324219e+00
8.258440374825048025e+01,7.866852760314941406e+00
8.290049719307469900e+01,7.743132114410400391e+00
8.321659063789891775e+01,7.619411945343017578e+00
8.353268408272313650e+01,7.495691299438476562e+00
8.384877752754735525e+01,7.371971130371093750e+00
8.416487097237157400e+01,7.248250961303710938e+00
8.448096441719579275e+01,7.124530315399169922e+00
8.479705786202001150e+01,7.000810146331787109e+00
8.511315130684423025e+01,6.877089500427246094e+00
8.542924475166844900e+01,6.753369331359863281e+00
8.574392675850438650e+01,6.626709938049316406e+00
8.605290197823094900e+01,6.488200187683105469e+00
8.636188482735204275e+01,6.349690914154052734e+00
8.667086767647313650e+01,6.211181640625000000e+00
8.697984289619969900e+01,6.072671890258789062e+00
8.728882574532079275e+01,5.934162616729736328e+00
8.759780859444188650e+01,5.795653343200683594e+00
8.790679144356298025e+01,5.657144069671630859e+00
8.821576666328954275e+01,5.518634319305419922e+00
8.852474951241063650e+01,5.380125045776367188e+00
8.883373236153173025e+01,5.241615772247314453e+00
8.914270758125829275e+01,5.103106021881103516e+00
8.945169043037938650e+01,4.964596748352050781e+00
8.976067327950048025e+01,4.826087474822998047e+00
9.006394171211766775e+01,4.677232265472412109e+00
9.036392187569188650e+01,4.522430419921875000e+00
9.066390966866063650e+01,4.367629051208496094e+00
9.096388983223485525e+01,4.212827682495117188e+00
9.126387762520360525e+01,4.058025836944580078e+00
9.156386541817235525e+01,3.903224468231201172e+00
9.186384558174657400e+01,3.748422861099243164e+00
9.216383337471532400e+01,3.593621253967285156e+00
9.246381353828954275e+01,3.438819646835327148e+00
9.276380133125829275e+01,3.284018278121948242e+00
9.306378149483251150e+01,3.129216670989990234e+00
9.336376928780126150e+01,2.974415063858032227e+00
9.366172766182469900e+01,2.816432237625122070e+00
9.395056890938329275e+01,2.644136905670166016e+00
9.423941778633641775e+01,2.471841573715209961e+00
9.452825903389501150e+01,2.299546480178833008e+00
9.481710028145360525e+01,2.127251148223876953e+00
9.510594915840673025e+01,1.954955935478210449e+00
9.539479040596532400e+01,1.782660603523254395e+00
9.568363165352391775e+01,1.610365390777587891e+00
9.597248053047704275e+01,1.438070178031921387e+00
9.626132177803563650e+01,1.265774965286254883e+00
9.655016302559423025e+01,1.093479633331298828e+00
9.683901190254735525e+01,9.211844205856323242e-01
9.711881231758641775e+01,7.366226315498352051e-01
9.739426397774266775e+01,5.461546778678894043e-01
9.766971563789891775e+01,3.556867241859436035e-01
9.794516729805516775e+01,1.652188003063201904e-01
9.822061895821141775e+01,-2.524914592504501343e-02
9.849607061836766775e+01,-2.157170772552490234e-01
9.877152227852391775e+01,-4.061850309371948242e-01
9.904697393868016775e+01,-5.966529846191406250e-01
9.932241796944188650e+01,-7.871208786964416504e-01
9.959786962959813650e+01,-9.775888323783874512e-01
9.987332128975438650e+01,-1.168056726455688477e+00
1.001340863654379802e+02,-1.375711917877197266e+00
1.003940503546957927e+02,-1.584307193756103516e+00
1.006540143439536052e+02,-1.792902350425720215e+00
1.009139707038168865e+02,-2.001497507095336914e+00
1.011739346930746990e+02,-2.210092782974243164e+00
1.014338986823325115e+02,-2.418688058853149414e+00
1.016938626715903240e+02,-2.627283096313476562e+00
1.019538190314536052e+02,-2.835878372192382812e+00
1.022137830207114177e+02,-3.044473648071289062e+00
1.024737470099692302e+02,-3.253068923950195312e+00
1.027194364020590740e+02,-3.476073265075683594e+00
1.029623181769614177e+02,-3.701911211013793945e+00
1.032051999518637615e+02,-3.927748918533325195e+00
1.034480893561606365e+02,-4.153586864471435547e+00
1.036909711310629802e+02,-4.379424571990966797e+00
1.039338529059653240e+02,-4.605262279510498047e+00
1.041767423102621990e+02,-4.831099987030029297e+00
1.044196240851645427e+02,-5.056938171386718750e+00
1.046625058600668865e+02,-5.282775878906250000e+00
1.049022519538168865e+02,-5.511357784271240234e+00
1.051273267218832927e+02,-5.752755641937255859e+00
1.053524014899496990e+02,-5.994153022766113281e+00
1.055774686286215740e+02,-6.235550880432128906e+00
1.058025433966879802e+02,-6.476948261260986328e+00
1.060276181647543865e+02,-6.718346118927001953e+00
1.062526929328207927e+02,-6.959743499755859375e+00
1.064777677008871990e+02,-7.201141357421875000e+00
1.067028424689536052e+02,-7.442538738250732422e+00
1.069279172370200115e+02,-7.683936595916748047e+00
1.071387174079184490e+02,-7.936189174652099609e+00
1.073463437506918865e+02,-8.190865516662597656e+00
1.075539624640707927e+02,-8.445540428161621094e+00
1.077615888068442302e+02,-8.700216293334960938e+00
1.079692075202231365e+02,-8.954892158508300781e+00
1.081768262336020427e+02,-9.209568023681640625e+00
1.083844525763754802e+02,-9.464243888854980469e+00
1.085920712897543865e+02,-9.718919754028320312e+00
1.087996976325278240e+02,-9.973595619201660156e+00
1.089974362799887615e+02,-1.023488712310791016e+01
1.091890943000082927e+02,-1.050025653839111328e+01
1.093807446906332927e+02,-1.076562500000000000e+01
1.095724027106528240e+02,-1.103099441528320312e+01
1.097640607306723552e+02,-1.129636383056640625e+01
1.099557111212973552e+02,-1.156173229217529297e+01
1.101473691413168865e+02,-1.182710170745849609e+01
1.103390271613364177e+02,-1.209247016906738281e+01
1.105306775519614177e+02,-1.235783958435058594e+01
1.107161939093832927e+02,-1.262688541412353516e+01
1.108943250128989177e+02,-1.290034866333007812e+01
1.110724561164145427e+02,-1.317381191253662109e+01
1.112505948493246990e+02,-1.344727516174316406e+01
1.114287259528403240e+02,-1.372073745727539062e+01
1.116068646857504802e+02,-1.399420070648193359e+01
1.117849957892661052e+02,-1.426766395568847656e+01
1.119631268927817302e+02,-1.454112720489501953e+01
1.121412656256918865e+02,-1.481459045410156250e+01
1.123171689460043865e+02,-1.508926868438720703e+01
1.124848935553793865e+02,-1.536841583251953125e+01
1.126526181647543865e+02,-1.564756393432617188e+01
1.128203351447348552e+02,-1.592671108245849609e+01
1.129880597541098552e+02,-1.620585823059082031e+01
1.131557843634848552e+02,-1.648500633239746094e+01
1.133235013434653240e+02,-1.676415252685546875e+01
1.134912259528403240e+02,-1.704330062866210938e+01
1.136589429328207927e+02,-1.732244873046875000e+01
1.138266675421957927e+02,-1.760159683227539062e+01
1.139888074347739177e+02,-1.788359069824218750e+01
1.141495511481528240e+02,-1.816629600524902344e+01
1.143103024909262615e+02,-1.844899940490722656e+01
1.144710462043051677e+02,-1.873170471191406250e+01
1.146317975470786052e+02,-1.901440811157226562e+01
1.147925412604575115e+02,-1.929711341857910156e+01
1.149532849738364177e+02,-1.957981681823730469e+01
1.151140363166098552e+02,-1.986252212524414062e+01
1.152747800299887615e+02,-2.014522552490234375e+01
1.154350736090903240e+02,-2.042815208435058594e+01
1.155923154303793865e+02,-2.071257209777832031e+01
1.157495572516684490e+02,-2.099699020385742188e+01
1.159067990729575115e+02,-2.128141021728515625e+01
1.160640332648520427e+02,-2.156583023071289062e+01
1.162212750861411052e+02,-2.185024833679199219e+01
1.163785169074301677e+02,-2.213466835021972656e+01
1.165357587287192302e+02,-2.241908836364746094e+01
1.166930005500082927e+02,-2.270350837707519531e+01
1.168502347419028240e+02,-2.298792648315429688e+01
1.170074460456137615e+02,-2.327235984802246094e+01
1.171644513556723552e+02,-2.355689620971679688e+01
1.173214490363364177e+02,-2.384143066406250000e+01
1.174784543463950115e+02,-2.412596511840820312e+01
1.176354520270590740e+02,-2.441049957275390625e+01
1.177924497077231365e+02,-2.469503402709960938e+01
1.179494550177817302e+02,-2.497957038879394531e+01
1.181064526984457927e+02,-2.526410484313964844e+01
1.182634580085043865e+02,-2.554863929748535156e+01
1.184204556891684490e+02,-2.583317375183105469e+01
1.185774533698325115e+02,-2.611770820617675781e+01
1.187363355109457927e+02,-2.640132904052734375e+01
1.188960034796957927e+02,-2.668456649780273438e+01
1.190556714484457927e+02,-2.696780204772949219e+01
1.192153394171957927e+02,-2.725103950500488281e+01
1.193750150153403240e+02,-2.753427696228027344e+01
1.195346829840903240e+02,-2.781751251220703125e+01
1.196943509528403240e+02,-2.810074996948242188e+01
1.198540189215903240e+02,-2.838398551940917969e+01
1.200136868903403240e+02,-2.866722297668457031e+01
1.201733624884848552e+02,-2.895045852661132812e+01
1.203330304572348552e+02,-2.923369598388671875e+01
1.204954297492270427e+02,-2.951557159423828125e+01
1.206585004279379802e+02,-2.979710960388183594e+01
1.208215787360434490e+02,-3.007864952087402344e+01
1.209846494147543865e+02,-3.036018753051757812e+01
1.211477277228598552e+02,-3.064172554016113281e+01
1.213108060309653240e+02,-3.092326545715332031e+01
1.214738767096762615e+02,-3.120480346679687500e+01
1.216369550177817302e+02,-3.148634338378906250e+01
1.218000256964926677e+02,-3.176788139343261719e+01
1.219631040045981365e+02,-3.204941940307617188e+01
1.221261823127036052e+02,-3.233095932006835938e+01
1.222892529914145427e+02,-3.261249923706054688e+01
1.224523312995200115e+02,-3.289403533935546875e+01
1.226154019782309490e+02,-3.317557525634765625e+01
1.227784802863364177e+02,-3.345711517333984375e+01
1.229415585944418865e+02,-3.373865509033203125e+01
1.231046292731528240e+02,-3.402019119262695312e+01
1.232677075812582927e+02,-3.430173110961914062e+01
1.234307782599692302e+02,-3.458327102661132812e+01
1.235938565680746990e+02,-3.486480712890625000e+01
1.237569272467856365e+02,-3.514634704589843750e+01
1.239200055548911052e+02,-3.542788696289062500e+01
1.240844571540121990e+02,-3.570871734619140625e+01
1.242523419806723552e+02,-3.598777770996093750e+01
1.244202344367270427e+02,-3.626683807373046875e+01
1.245881192633871990e+02,-3.654589843750000000e+01
1.247560117194418865e+02,-3.682495880126953125e+01
1.249238965461020427e+02,-3.710401535034179688e+01
1.250917890021567302e+02,-3.738307571411132812e+01
1.252596738288168865e+02,-3.766213607788085938e+01
1.254275662848715740e+02,-3.794119644165039062e+01
1.255954511115317302e+02,-3.822025680541992188e+01
1.257633435675864177e+02,-3.849931716918945312e+01
1.259312360236411052e+02,-3.877837753295898438e+01
1.260991208503012615e+02,-3.905743408203125000e+01
1.262670133063559490e+02,-3.933649444580078125e+01
1.264348981330161052e+02,-3.961555480957031250e+01
1.266027905890707927e+02,-3.989461517333984375e+01
1.267706754157309490e+02,-4.017367553710937500e+01
1.269385678717856365e+02,-4.045273590087890625e+01
1.271064526984457927e+02,-4.073179626464843750e+01
1.272743451545004802e+02,-4.101085662841796875e+01
1.274431836554770427e+02,-4.128939819335937500e+01
1.276200711676840740e+02,-4.156356430053710938e+01
1.277969586798911052e+02,-4.183773422241210938e+01
1.279738461920981365e+02,-4.211190032958984375e+01
1.281507413336996990e+02,-4.238606643676757812e+01
1.283276288459067302e+02,-4.266023635864257812e+01
1.285045163581137615e+02,-4.293440246582031250e+01
1.286814038703207927e+02,-4.320856857299804688e+01
1.288582913825278240e+02,-4.348273849487304688e+01
1.290351788947348552e+02,-4.375690460205078125e+01
1.292120740363364177e+02,-4.403107070922851562e+01
1.293889615485434490e+02,-4.430524063110351562e+01
1.295658490607504802e+02,-4.457940673828125000e+01
1.297427365729575115e+02,-4.485357284545898438e+01
1.299196240851645427e+02,-4.512774276733398438e+01
1.300965115973715740e+02,-4.540190887451171875e+01
1.302733991095786052e+02,-4.567607498168945312e+01
1.304502942511801677e+02,-4.595024490356445312e+01
1.306271817633871990e+02,-4.622441101074218750e+01
1.308180539557700115e+02,-4.649026489257812500e+01
1.310090177008871990e+02,-4.675607299804687500e+01
1.311999661872153240e+02,-4.702188110351562500e+01
1.313909299323325115e+02,-4.728768920898437500e+01
1.315818784186606365e+02,-4.755349731445312500e+01
1.317728421637778240e+02,-4.781930923461914062e+01
1.319637906501059490e+02,-4.808511734008789062e+01
1.321547543952231365e+02,-4.835092544555664062e+01
1.323457028815512615e+02,-4.861673355102539062e+01
1.325366513678793865e+02,-4.888254165649414062e+01
1.327276151129965740e+02,-4.914834976196289062e+01
1.329185635993246990e+02,-4.941416168212890625e+01
1.331095273444418865e+02,-4.967996978759765625e+01
1.333004758307700115e+02,-4.994577789306640625e+01
1.334914395758871990e+02,-5.021158599853515625e+01
1.336823880622153240e+02,-5.047739410400390625e+01
1.338863065192465740e+02,-5.073444366455078125e+01
1.340968472907309490e+02,-5.098702239990234375e+01
1.343073880622153240e+02,-5.123960113525390625e+01
1.345179288336996990e+02,-5.149217605590820312e+01
1.347284696051840740e+02,-5.174475479125976562e+01
1.349390103766684490e+02,-5.199733352661132812e+01
1.351495511481528240e+02,-5.224990844726562500e+01
1.353600919196371990e+02,-5.250248718261718750e+01
1.355706326911215740e+02,-5.275506591796875000e+01
1.357811734626059490e+02,-5.300764083862304688e+01
1.359917142340903240e+02,-5.326021957397460938e+01
1.362022550055746990e+02,-5.351279830932617188e+01
1.364127805182700115e+02,-5.376537322998046875e+01
1.366233212897543865e+02,-5.401795196533203125e+01
1.368338620612387615e+02,-5.427052688598632812e+01
1.370634915778403240e+02,-5.450782775878906250e+01
1.372985379645590740e+02,-5.474078369140625000e+01
1.375335843512778240e+02,-5.497374343872070312e+01
1.377686459967856365e+02,-5.520669937133789062e+01
1.380036923835043865e+02,-5.543965530395507812e+01
1.382387387702231365e+02,-5.567261505126953125e+01
1.384737851569418865e+02,-5.590557098388671875e+01
1.387088315436606365e+02,-5.613852691650390625e+01
1.389438931891684490e+02,-5.637148666381835938e+01
1.391789395758871990e+02,-5.660444259643554688e+01
1.394139859626059490e+02,-5.683739852905273438e+01
1.396490323493246990e+02,-5.707035827636718750e+01
1.398840787360434490e+02,-5.730331420898437500e+01
1.401191251227621990e+02,-5.753627014160156250e+01
1.403803250739340740e+02,-5.774340438842773438e+01
1.406425626227621990e+02,-5.794950103759765625e+01
1.409048001715903240e+02,-5.815559387207031250e+01
1.411670377204184490e+02,-5.836169052124023438e+01
1.414292752692465740e+02,-5.856778335571289062e+01
1.416915128180746990e+02,-5.877387619018554688e+01
1.419537503669028240e+02,-5.897997283935546875e+01
1.422159879157309490e+02,-5.918606567382812500e+01
1.424782254645590740e+02,-5.939215850830078125e+01
1.427404630133871990e+02,-5.959825515747070312e+01
1.430027005622153240e+02,-5.980434799194335938e+01
1.432649381110434490e+02,-6.001044082641601562e+01
1.435271756598715740e+02,-6.021653747558593750e+01
1.438093259284262615e+02,-6.039740371704101562e+01
1.440977170417075115e+02,-6.057036209106445312e+01
1.443861081549887615e+02,-6.074331665039062500e+01
1.446744992682700115e+02,-6.091627502441406250e+01
1.449628903815512615e+02,-6.108922958374023438e+01
1.452512814948325115e+02,-6.126218795776367188e+01
1.455396726081137615e+02,-6.143514251708984375e+01
1.458280637213950115e+02,-6.160810089111328125e+01
1.461164548346762615e+02,-6.178105545043945312e+01
1.464048459479575115e+02,-6.195401382446289062e+01
1.466932370612387615e+02,-6.212696838378906250e+01
1.469816281745200115e+02,-6.229992675781250000e+01
1.472700192878012615e+02,-6.247288131713867188e+01
1.475728146979575115e+02,-6.262155914306640625e+01
1.478826596686606365e+02,-6.275838088989257812e+01
1.481925046393637615e+02,-6.289520263671875000e+01
1.485023496100668865e+02,-6.303202056884765625e+01
1.488121793219809490e+02,-6.316884231567382812e+01
1.491220242926840740e+02,-6.330566406250000000e+01
1.494318692633871990e+02,-6.344248580932617188e+01
1.497417142340903240e+02,-6.357930374145507812e+01
1.500515592047934490e+02,-6.371612548828125000e+01
1.503613889167075115e+02,-6.385294723510742188e+01
1.506712338874106365e+02,-6.398976898193359375e+01
1.509810788581137615e+02,-6.412658691406250000e+01
1.512909238288168865e+02,-6.426341247558593750e+01
1.516031033942465740e+02,-6.439479064941406250e+01
1.519279630133871990e+02,-6.449683380126953125e+01
1.522528073737387615e+02,-6.459887695312500000e+01
1.525776517340903240e+02,-6.470092010498046875e+01
1.529024960944418865e+02,-6.480296325683593750e+01
1.532273404547934490e+02,-6.490500640869140625e+01
1.535521848151450115e+02,-6.500704956054687500e+01
1.538770444342856365e+02,-6.510909271240234375e+01
1.542018887946371990e+02,-6.521112823486328125e+01
1.545267331549887615e+02,-6.531317138671875000e+01
1.548515775153403240e+02,-6.541521453857421875e+01
1.551764218756918865e+02,-6.551725769042968750e+01
1.555012662360434490e+02,-6.561930084228515625e+01
1.558261258551840740e+02,-6.572134399414062500e+01
1.561509702155356365e+02,-6.582338714599609375e+01
1.564820706794028240e+02,-6.590476989746093750e+01
1.568160092780356365e+02,-6.597678375244140625e+01
1.571499631354575115e+02,-6.604879760742187500e+01
1.574839017340903240e+02,-6.612080383300781250e+01
1.578178403327231365e+02,-6.619281768798828125e+01
1.581517789313559490e+02,-6.626483154296875000e+01
1.584857327887778240e+02,-6.633683776855468750e+01
1.588196713874106365e+02,-6.640885162353515625e+01
1.591536099860434490e+02,-6.648086547851562500e+01
1.594875638434653240e+02,-6.655287170410156250e+01
1.598215024420981365e+02,-6.662488555908203125e+01
1.601554410407309490e+02,-6.669689941406250000e+01
1.604893796393637615e+02,-6.676890563964843750e+01
1.608233334967856365e+02,-6.684091949462890625e+01
1.611572720954184490e+02,-6.691293334960937500e+01
1.614912106940512615e+02,-6.698493957519531250e+01
1.618289639899496990e+02,-6.703833770751953125e+01
1.621678006598715740e+02,-6.708650970458984375e+01
1.625066220710043865e+02,-6.713468933105468750e+01
1.628454434821371990e+02,-6.718286132812500000e+01
1.631842648932700115e+02,-6.723104095458984375e+01
1.635230863044028240e+02,-6.727921295166015625e+01
1.638619229743246990e+02,-6.732739257812500000e+01
1.642007443854575115e+02,-6.737556457519531250e+01
1.645395657965903240e+02,-6.742374420166015625e+01
1.648783872077231365e+02,-6.747191619873046875e+01
1.652172086188559490e+02,-6.752009582519531250e+01
1.655560452887778240e+02,-6.756826782226562500e+01
1.658948666999106365e+02,-6.761644744873046875e+01
1.662336881110434490e+02,-6.766461944580078125e+01
1.665725095221762615e+02,-6.771279144287109375e+01
1.669113309333090740e+02,-6.776097106933593750e+01
1.672501676032309490e+02,-6.780914306640625000e+01
1.675889890143637615e+02,-6.785725402832031250e+01
1.679301755378012615e+02,-6.788766479492187500e+01
1.682713468024496990e+02,-6.791808319091796875e+01
1.686125333258871990e+02,-6.794849395751953125e+01
1.689537045905356365e+02,-6.797891235351562500e+01
1.692948911139731365e+02,-6.800932312011718750e+01
1.696360623786215740e+02,-6.803973388671875000e+01
1.699772489020590740e+02,-6.807015228271484375e+01
1.703184201667075115e+02,-6.810056304931640625e+01
1.706595914313559490e+02,-6.813097381591796875e+01
1.710007779547934490e+02,-6.816139221191406250e+01
1.713419492194418865e+02,-6.819180297851562500e+01
1.716831357428793865e+02,-6.822222137451171875e+01
1.720243070075278240e+02,-6.825263214111328125e+01
1.723654935309653240e+02,-6.828304290771484375e+01
1.727066647956137615e+02,-6.831346130371093750e+01
1.730478360602621990e+02,-6.834387207031250000e+01
1.733890225836996990e+02,-6.837428283691406250e+01
1.737301938483481365e+02,-6.840470123291015625e+01
1.740713803717856365e+02,-6.843511199951171875e+01
1.744125516364340740e+02,-6.846553039550781250e+01
1.747547147223715740e+02,-6.848372650146484375e+01
1.750969083258871990e+02,-6.850157165527343750e+01
1.754391171881918865e+02,-6.851941680908203125e+01
1.757813107917075115e+02,-6.853726959228515625e+01
1.761235043952231365e+02,-6.855511474609375000e+01
1.764656979987387615e+02,-6.857295989990234375e+01
1.768078916022543865e+02,-6.859081268310546875e+01
1.771500852057700115e+02,-6.860865783691406250e+01
1.774922788092856365e+02,-6.862651062011718750e+01
1.778344724128012615e+02,-6.864435577392578125e+01
1.781766660163168865e+02,-6.866220092773437500e+01
1.785188748786215740e+02,-6.868005371093750000e+01
1.788610684821371990e+02,-6.869789886474609375e+01
1.792032620856528240e+02,-6.871574401855468750e+01
1.795454556891684490e+02,-6.873359680175781250e+01
1.798876492926840740e+02,-6.875144195556640625e+01
1.802298428961996990e+02,-6.876929473876953125e+01
1.805720364997153240e+02,-6.878713989257812500e+01
1.809142301032309490e+02,-6.880498504638671875e+01
1.812564237067465740e+02,-6.882283782958984375e+01
1.815986173102621990e+02,-6.884068298339843750e+01
1.819408261725668865e+02,-6.885852813720703125e+01
1.822831418463950115e+02,-6.887351226806640625e+01
1.826257321784262615e+02,-6.888292694091796875e+01
1.829683072516684490e+02,-6.889233398437500000e+01
1.833108823249106365e+02,-6.890174865722656250e+01
1.836534726569418865e+02,-6.891115570068359375e+01
1.839960477301840740e+02,-6.892057037353515625e+01
1.843386228034262615e+02,-6.892997741699218750e+01
1.846812131354575115e+02,-6.893939208984375000e+01
1.850237882086996990e+02,-6.894880676269531250e+01
1.853663632819418865e+02,-6.895821380615234375e+01
1.857089536139731365e+02,-6.896762847900390625e+01
1.860515286872153240e+02,-6.897703552246093750e+01
1.863941037604575115e+02,-6.898645019531250000e+01
1.867366940924887615e+02,-6.899585723876953125e+01
1.870792691657309490e+02,-6.900527191162109375e+01
1.874218442389731365e+02,-6.901467895507812500e+01
1.877644345710043865e+02,-6.902409362792968750e+01
1.881070096442465740e+02,-6.903350067138671875e+01
1.884495847174887615e+02,-6.904291534423828125e+01
1.887921750495200115e+02,-6.905232238769531250e+01
1.891347501227621990e+02,-6.906173706054687500e+01
1.894773251960043865e+02,-6.907114410400390625e+01
1.898199155280356365e+02,-6.908055877685546875e+01
1.901624906012778240e+02,-6.908996582031250000e+01
1.905050656745200115e+02,-6.909938049316406250e+01
1.908476560065512615e+02,-6.910879516601562500e+01
1.911903226325278240e+02,-6.911405944824218750e+01
1.915330197760825115e+02,-6.911819458007812500e+01
1.918757321784262615e+02,-6.912232208251953125e+01
1.922184293219809490e+02,-6.912645721435546875e+01
1.925611264655356365e+02,-6.913058471679687500e+01
1.929038236090903240e+02,-6.913471984863281250e+01
1.932465207526450115e+02,-6.913885498046875000e+01
1.935892178961996990e+02,-6.914298248291015625e+01
1.939319302985434490e+02,-6.914711761474609375e+01
1.942746274420981365e+02,-6.915124511718750000e+01
1.946173245856528240e+02,-6.915538024902343750e+01
1.949600217292075115e+02,-6.915950775146484375e+01
1.953027188727621990e+02,-6.916364288330078125e+01
1.956454160163168865e+02,-6.916777038574218750e+01
1.959881284186606365e+02,-6.917190551757812500e+01
1.963308255622153240e+02,-6.917603302001953125e+01
1.966735227057700115e+02,-6.918016815185546875e+01
1.970162198493246990e+02,-6.918429565429687500e+01
1.973589169928793865e+02,-6.918843078613281250e+01
1.977016293952231365e+02,-6.919255828857421875e+01
1.980443265387778240e+02,-6.919669342041015625e+01
1.983870236823325115e+02,-6.920082092285156250e+01
1.987297208258871990e+02,-6.920495605468750000e+01
1.990724179694418865e+02,-6.920908355712890625e+01
1.994151151129965740e+02,-6.921321868896484375e+01
1.997578275153403240e+02,-6.921734619140625000e+01
2.001005246588950115e+02,-6.922148132324218750e+01
2.004432218024496990e+02,-6.922560882568359375e+01
2.007859189460043865e+02,-6.922974395751953125e+01
