voltage[mV],steady state
-8.000000000000000000e+01,0.000000000000000000e+00
-7.977409362792968750e+01,1.221589336637407541e-04
-7.954782104492187500e+01,2.410764864180237055e-04
-7.932119750976562500e+01,3.567914245650172234e-04
-7.909421539306640625e+01,4.693425144068896770e-04
-7.886689758300781250e+01,5.787685513496398926e-04
-7.863923645019531250e+01,6.851083016954362392e-04
-7.841123199462890625e+01,7.884005317464470863e-04
-7.818290710449218750e+01,8.886840660125017166e-04
-7.795426177978515625e+01,9.859976125881075859e-04
-7.772528839111328125e+01,1.080379937775433064e-03
-7.749600982666015625e+01,1.171869924291968346e-03
-7.726641845703125000e+01,1.260506338439881802e-03
-7.703652954101562500e+01,1.346327830106019974e-03
-7.680634307861328125e+01,1.429373165592551231e-03
-7.657586669921875000e+01,1.509681344032287598e-03
-7.634510803222656250e+01,1.587291015312075615e-03
-7.611406707763671875e+01,1.662240829318761826e-03
-7.588275146484375000e+01,1.734569785185158253e-03
-7.565116882324218750e+01,1.804316416382789612e-03
-7.541932678222656250e+01,1.871519838459789753e-03
-7.518721771240234375e+01,1.936218468472361565e-03
-7.495486450195312500e+01,1.998451305553317070e-03
-7.472225952148437500e+01,2.058257116004824638e-03
-7.448941802978515625e+01,2.115674549713730812e-03
-7.425634002685546875e+01,2.170742256566882133e-03
-7.402303314208984375e+01,2.223499584943056107e-03
-7.378949737548828125e+01,2.273984719067811966e-03
-7.355574798583984375e+01,2.322236774489283562e-03
-7.332178497314453125e+01,2.368294168263673782e-03
-7.308760833740234375e+01,2.412196248769760132e-03
-7.285323333740234375e+01,2.453981200233101845e-03
-7.261865997314453125e+01,2.493688138201832771e-03
-7.238389587402343750e+01,2.531355945393443108e-03
-7.214894866943359375e+01,2.567023038864135742e-03
-7.191381835937500000e+01,2.600728301331400871e-03
-7.167851257324218750e+01,2.632510615512728691e-03
-7.144303131103515625e+01,2.662408864125609398e-03
-7.120739746093750000e+01,2.690461697056889534e-03
-7.097159576416015625e+01,2.716707764193415642e-03
-7.073564910888671875e+01,2.741185948252677917e-03
-7.049954986572265625e+01,2.763934899121522903e-03
-7.026330566406250000e+01,2.784993732348084450e-03
-7.002693176269531250e+01,2.804401097819209099e-03
-6.979042816162109375e+01,2.822195412591099739e-03
-6.955379486083984375e+01,2.838416025042533875e-03
-6.931703948974609375e+01,2.853101119399070740e-03
-6.908016967773437500e+01,2.866290044039487839e-03
-6.884320068359375000e+01,2.878021216019988060e-03
-6.860611724853515625e+01,2.888333518058061600e-03
-6.836894226074218750e+01,2.897265600040555000e-03
-6.813166809082031250e+01,2.904856344684958458e-03
-6.789431762695312500e+01,2.911144634708762169e-03
-6.765687561035156250e+01,2.916169119998812675e-03
-6.741936492919921875e+01,2.919968683272600174e-03
-6.718177795410156250e+01,2.922581974416971207e-03
-6.694412994384765625e+01,2.924047876149415970e-03
-6.670642089843750000e+01,2.924405038356781006e-03
-6.646865844726562500e+01,2.923692110925912857e-03
-6.623085021972656250e+01,2.921948209404945374e-03
-6.599299621582031250e+01,2.919212216511368752e-03
-6.575511169433593750e+01,2.915522316470742226e-03
-6.551718902587890625e+01,2.910917857661843300e-03
-6.527923583984375000e+01,2.905437257140874863e-03
-6.504126739501953125e+01,2.899119397625327110e-03
-6.480328369140625000e+01,2.892003161832690239e-03
-6.456529235839843750e+01,2.884127199649810791e-03
-6.432728576660156250e+01,2.875530393794178963e-03
-6.408929443359375000e+01,2.866251394152641296e-03
-6.385130310058593750e+01,2.856329083442687988e-03
-6.361332321166992188e+01,2.845802111551165581e-03
-6.337535858154296875e+01,2.834709361195564270e-03
-6.313742065429687500e+01,2.823089715093374252e-03
-6.289951324462890625e+01,2.810981590300798416e-03
-6.266164016723632812e+01,2.798424335196614265e-03
-6.242380523681640625e+01,2.785456134006381035e-03
-6.218601226806640625e+01,2.772116102278232574e-03
-6.194827270507812500e+01,2.758442889899015427e-03
-6.171059417724609375e+01,2.744475379586219788e-03
-6.147296905517578125e+01,2.730252221226692200e-03
-6.123541641235351562e+01,2.715812297537922859e-03
-6.099793624877929688e+01,2.701194258406758308e-03
-6.076053237915039062e+01,2.686436986550688744e-03
-6.052321243286132812e+01,2.671579364687204361e-03
-6.028598403930664062e+01,2.656660042703151703e-03
-6.004884719848632812e+01,2.641717670485377312e-03
-5.981181335449218750e+01,2.626791130751371384e-03
-5.957488250732421875e+01,2.611919306218624115e-03
-5.933806610107421875e+01,2.597140846773982048e-03
-5.910136413574218750e+01,2.582494635134935379e-03
-5.886478424072265625e+01,2.568019321188330650e-03
-5.862833404541015625e+01,2.553753787651658058e-03
-5.839201736450195312e+01,2.539736684411764145e-03
-5.815583801269531250e+01,2.526007127016782761e-03
-5.791980361938476562e+01,2.512603299692273140e-03
-5.768392181396484375e+01,2.499564550817012787e-03
-5.744818878173828125e+01,2.486929297447204590e-03
-5.721262359619140625e+01,2.474736422300338745e-03
-5.697721862792968750e+01,2.463024808093905449e-03
-5.674198913574218750e+01,2.451833104714751244e-03
-5.650693511962890625e+01,2.441200194880366325e-03
-5.627206420898437500e+01,2.431164728477597237e-03
-5.603738403320312500e+01,2.421765588223934174e-03
-5.580289459228515625e+01,2.413041424006223679e-03
-5.556860351562500000e+01,2.405031118541955948e-03
-5.533452224731445312e+01,2.397773321717977524e-03
-5.510064697265625000e+01,2.391307149082422256e-03
-5.486698913574218750e+01,2.385671017691493034e-03
-5.463355255126953125e+01,2.380903810262680054e-03
-5.440034484863281250e+01,2.377044409513473511e-03
-5.416736602783203125e+01,2.374131232500076294e-03
-5.393462753295898438e+01,2.372203627601265907e-03
-5.370213317871093750e+01,2.371300011873245239e-03
-5.346988677978515625e+01,2.371459035202860832e-03
-5.323789215087890625e+01,2.372719813138246536e-03
-5.300615692138671875e+01,2.375120995566248894e-03
-5.277469253540039062e+01,2.378701232373714447e-03
-5.254349517822265625e+01,2.383499639108777046e-03
-5.231257629394531250e+01,2.389554399996995926e-03
-5.208193969726562500e+01,2.396904863417148590e-03
-5.185158538818359375e+01,2.405589679256081581e-03
-5.162152862548828125e+01,2.415647264569997787e-03
-5.139176940917968750e+01,2.427116967737674713e-03
-5.116231536865234375e+01,2.440036972984671593e-03
-5.093316650390625000e+01,2.454446395859122276e-03
-5.070433807373046875e+01,2.470384119078516960e-03
-5.047583007812500000e+01,2.487888792529702187e-03
-5.024764251708984375e+01,2.506999066099524498e-03
-5.001979064941406250e+01,2.527753589674830437e-03
-4.979227447509765625e+01,2.550191711634397507e-03
-4.956510162353515625e+01,2.574351616203784943e-03
-4.933827209472656250e+01,2.600272418931126595e-03
-4.911180114746093750e+01,2.627993002533912659e-03
-4.888568878173828125e+01,2.657551784068346024e-03
-4.865993881225585938e+01,2.688987646251916885e-03
-4.843456268310546875e+01,2.722339471802115440e-03
-4.820955657958984375e+01,2.757645910605788231e-03
-4.798493576049804688e+01,2.794945845380425453e-03
-4.776070022583007812e+01,2.834278158843517303e-03
-4.753685379028320312e+01,2.875681268051266670e-03
-4.731340789794921875e+01,2.919194288551807404e-03
-4.709036636352539062e+01,2.964855870231986046e-03
-4.686772918701171875e+01,3.012704895809292793e-03
-4.664551162719726562e+01,3.062780015170574188e-03
-4.642370986938476562e+01,3.115120111033320427e-03
-4.620233154296875000e+01,3.169763600453734398e-03
-4.598138809204101562e+01,3.226749831810593605e-03
-4.576087570190429688e+01,3.286117222160100937e-03
-4.554080963134765625e+01,3.347904421389102936e-03
-4.532118606567382812e+01,3.412150545045733452e-03
-4.510202026367187500e+01,3.478894243016839027e-03
-4.488330841064453125e+01,3.548174398019909859e-03
-4.466506195068359375e+01,3.620029659941792488e-03
-4.444728469848632812e+01,3.694498678669333458e-03
-4.422998046875000000e+01,3.771620336920022964e-03
-4.401315689086914062e+01,3.851433517411351204e-03
-4.379681777954101562e+01,3.933976870030164719e-03
-4.358097076416015625e+01,4.019289277493953705e-03
-4.336562347412109375e+01,4.107409622520208359e-03
-4.315077590942382812e+01,4.198376089334487915e-03
-4.293643569946289062e+01,4.292228259146213531e-03
-4.272260665893554688e+01,4.389004316180944443e-03
-4.250929641723632812e+01,4.488743375986814499e-03
-4.229651260375976562e+01,4.591484088450670242e-03
-4.208425903320312500e+01,4.697265569120645523e-03
-4.187253952026367188e+01,4.806126002222299576e-03
-4.166135787963867188e+01,4.918104037642478943e-03
-4.145072555541992188e+01,5.033239256590604782e-03
-4.124064636230468750e+01,5.151569843292236328e-03
-4.103112030029296875e+01,5.273134913295507431e-03
-4.082215881347656250e+01,5.397973116487264633e-03
-4.061376571655273438e+01,5.526123102754354477e-03
-4.040594482421875000e+01,5.657623521983623505e-03
-4.019870376586914062e+01,5.792513489723205566e-03
-3.999204635620117188e+01,5.930832121521234512e-03
-3.978598022460937500e+01,6.072617135941982269e-03
-3.958051300048828125e+01,6.217908114194869995e-03
-3.937564086914062500e+01,6.366743706166744232e-03
-3.917137908935546875e+01,6.519162561744451523e-03
-3.896772766113281250e+01,6.675203330814838409e-03
-3.876469802856445312e+01,6.834905128926038742e-03
-3.856228637695312500e+01,6.998306605964899063e-03
-3.836050796508789062e+01,7.165446411818265915e-03
-3.815935897827148438e+01,7.336363662034273148e-03
-3.795885467529296875e+01,7.511096540838479996e-03
-3.775899124145507812e+01,7.689684163779020309e-03
-3.755978012084960938e+01,7.872166112065315247e-03
-3.736122512817382812e+01,8.058579638600349426e-03
-3.716333389282226562e+01,8.248964324593544006e-03
-3.696610641479492188e+01,8.443358354270458221e-03
-3.676955413818359375e+01,8.641801774501800537e-03
-3.657367706298828125e+01,8.844331838190555573e-03
-3.637848663330078125e+01,9.050988592207431793e-03
-3.618398666381835938e+01,9.261810220777988434e-03
-3.599017715454101562e+01,9.476835839450359344e-03
-3.579706954956054688e+01,9.696104563772678375e-03
-3.560466766357421875e+01,9.919653646647930145e-03
-3.541297912597656250e+01,1.014752313494682312e-02
-3.522200775146484375e+01,1.037975121289491653e-02
-3.503175354003906250e+01,1.061637699604034424e-02
-3.484223175048828125e+01,1.085743866860866547e-02
-3.465344238281250000e+01,1.110297627747058868e-02
-3.446538925170898438e+01,1.135302800685167313e-02
-3.427808380126953125e+01,1.160763204097747803e-02
-3.409152603149414062e+01,1.186682749539613724e-02
-3.390572357177734375e+01,1.213065348565578461e-02
-3.372068405151367188e+01,1.239914819598197937e-02
-3.353640747070312500e+01,1.267235074192285538e-02
-3.335290527343750000e+01,1.295030023902654648e-02
-3.317018127441406250e+01,1.323303487151861191e-02
-3.298823547363281250e+01,1.352059375494718552e-02
-3.280708312988281250e+01,1.381301600486040115e-02
-3.262672042846679688e+01,1.411033887416124344e-02
-3.244715881347656250e+01,1.441260334104299545e-02
-3.226840591430664062e+01,1.471984665840864182e-02
-3.209045791625976562e+01,1.503210794180631638e-02
-3.191332626342773438e+01,1.534942630678415298e-02
-3.173701858520507812e+01,1.567183993756771088e-02
-3.156153488159179688e+01,1.599938794970512390e-02
-3.138688659667968750e+01,1.633211039006710052e-02
-3.121307373046875000e+01,1.667004264891147614e-02
-3.104010391235351562e+01,1.701322756707668304e-02
-3.086798477172851562e+01,1.736170053482055664e-02
-3.069672012329101562e+01,1.771550253033638000e-02
-3.052631378173828125e+01,1.807467080652713776e-02
-3.035677337646484375e+01,1.843924634158611298e-02
-3.018810272216796875e+01,1.880926452577114105e-02
-3.002031326293945312e+01,1.918476819992065430e-02
-2.985340118408203125e+01,1.956579275429248810e-02
-2.968737792968750000e+01,1.995237730443477631e-02
-2.952224731445312500e+01,2.034456282854080200e-02
-2.935801315307617188e+01,2.074238657951354980e-02
-2.919468307495117188e+01,2.114588767290115356e-02
-2.903226470947265625e+01,2.155510522425174713e-02
-2.887076187133789062e+01,2.197007834911346436e-02
-2.871017837524414062e+01,2.239084243774414062e-02
-2.855051803588867188e+01,2.281744033098220825e-02
-2.839179229736328125e+01,2.324990928173065186e-02
-2.823400497436523438e+01,2.368828840553760529e-02
-2.807715606689453125e+01,2.413261681795120239e-02
-2.792125701904296875e+01,2.458293177187442780e-02
-2.776631164550781250e+01,2.503927238285541534e-02
-2.761232376098632812e+01,2.550167962908744812e-02
-2.745930099487304688e+01,2.597018890082836151e-02
-2.730725097656250000e+01,2.644484303891658783e-02
-2.715617370605468750e+01,2.692567743360996246e-02
-2.700607681274414062e+01,2.741273120045661926e-02
-2.685696792602539062e+01,2.790604345500469208e-02
-2.670885086059570312e+01,2.840565517544746399e-02
-2.656172943115234375e+01,2.891160175204277039e-02
-2.641561126708984375e+01,2.942392416298389435e-02
-2.627050399780273438e+01,2.994266152381896973e-02
-2.612640762329101562e+01,3.046785108745098114e-02
-2.598333358764648438e+01,3.099953196942806244e-02
-2.584128570556640625e+01,3.153774142265319824e-02
-2.570026397705078125e+01,3.208252415060997009e-02
-2.556027984619140625e+01,3.263391181826591492e-02
-2.542133712768554688e+01,3.319194540381431580e-02
-2.528344345092773438e+01,3.375666588544845581e-02
-2.514660263061523438e+01,3.432811051607131958e-02
-2.501081466674804688e+01,3.490632027387619019e-02
-2.487609481811523438e+01,3.549132868647575378e-02
-2.474244308471679688e+01,3.608317673206329346e-02
-2.460986709594726562e+01,3.668190538883209229e-02
-2.447836685180664062e+01,3.728755563497543335e-02
-2.434795761108398438e+01,3.790015727281570435e-02
-2.421863555908203125e+01,3.851975873112678528e-02
-2.409041213989257812e+01,3.914639353752136230e-02
-2.396328735351562500e+01,3.978009894490242004e-02
-2.383727264404296875e+01,4.042091965675354004e-02
-2.371237182617187500e+01,4.106888920068740845e-02
-2.358858871459960938e+01,4.172405228018760681e-02
-2.346593093872070312e+01,4.238643869757652283e-02
-2.334440231323242188e+01,4.305609315633773804e-02
-2.322400665283203125e+01,4.373305663466453552e-02
-2.310475158691406250e+01,4.441736266016960144e-02
-2.298664474487304688e+01,4.510905221104621887e-02
-2.286968994140625000e+01,4.580816254019737244e-02
-2.275389099121093750e+01,4.651473462581634521e-02
-2.263925552368164062e+01,4.722880572080612183e-02
-2.252578735351562500e+01,4.795041680335998535e-02
-2.241349029541015625e+01,4.867960512638092041e-02
-2.230237579345703125e+01,4.941640794277191162e-02
-2.219244384765625000e+01,5.016086995601654053e-02
-2.208370208740234375e+01,5.091302096843719482e-02
-2.197615814208984375e+01,5.167290568351745605e-02
-2.186981582641601562e+01,5.244056135416030884e-02
-2.176467895507812500e+01,5.321602895855903625e-02
-2.166075134277343750e+01,5.399934574961662292e-02
-2.155804443359375000e+01,5.479054525494575500e-02
-2.145655822753906250e+01,5.558967590332031250e-02
-2.135630416870117188e+01,5.639677122235298157e-02
-2.125728225708007812e+01,5.721186846494674683e-02
-2.115950012207031250e+01,5.803500860929489136e-02
-2.106296539306640625e+01,5.886622890830039978e-02
-2.096767807006835938e+01,5.970557034015655518e-02
-2.087364959716796875e+01,6.055307388305664062e-02
-2.078087997436523438e+01,6.140877306461334229e-02
-2.068937683105468750e+01,6.227270513772964478e-02
-2.059915161132812500e+01,6.314491480588912964e-02
-2.051020050048828125e+01,6.402543932199478149e-02
-2.042253494262695312e+01,6.491431593894958496e-02
-2.032423019409179688e+01,6.593569368124008179e-02
-2.020456314086914062e+01,6.719873100519180298e-02
-2.008549118041992188e+01,6.847354769706726074e-02
-1.996701812744140625e+01,6.976004689931869507e-02
-1.984913635253906250e+01,7.105815410614013672e-02
-1.973184585571289062e+01,7.236778736114501953e-02
-1.961514282226562500e+01,7.368886470794677734e-02
-1.949902725219726562e+01,7.502128928899765015e-02
-1.938348770141601562e+01,7.636498659849166870e-02
-1.926853179931640625e+01,7.771987468004226685e-02
-1.915414810180664062e+01,7.908586412668228149e-02
-1.904034042358398438e+01,8.046286553144454956e-02
-1.892710113525390625e+01,8.185081183910369873e-02
-1.881443023681640625e+01,8.324959874153137207e-02
-1.870232391357421875e+01,8.465915918350219727e-02
-1.859077835083007812e+01,8.607940375804901123e-02
-1.847978973388671875e+01,8.751025050878524780e-02
-1.836936187744140625e+01,8.895160257816314697e-02
-1.825948333740234375e+01,9.040339291095733643e-02
-1.815015411376953125e+01,9.186552464962005615e-02
-1.804137420654296875e+01,9.333792328834533691e-02
-1.793313980102539062e+01,9.482049942016601562e-02
-1.782544708251953125e+01,9.631317853927612305e-02
-1.771829223632812500e+01,9.781585633754730225e-02
-1.761167144775390625e+01,9.932846575975418091e-02
-1.750558471679687500e+01,1.008509248495101929e-01
-1.740002822875976562e+01,1.023831367492675781e-01
-1.729500198364257812e+01,1.039250195026397705e-01
-1.719049835205078125e+01,1.054764986038208008e-01
-1.708651351928710938e+01,1.070374846458435059e-01
-1.698305130004882812e+01,1.086078956723213196e-01
-1.688010406494140625e+01,1.101876422762870789e-01
-1.677766799926757812e+01,1.117766499519348145e-01
-1.667574310302734375e+01,1.133748218417167664e-01
-1.657432556152343750e+01,1.149820834398269653e-01
-1.647341156005859375e+01,1.165983453392982483e-01
-1.637300109863281250e+01,1.182235330343246460e-01
-1.627309036254882812e+01,1.198575496673583984e-01
-1.617367172241210938e+01,1.215003207325935364e-01
-1.607474899291992188e+01,1.231517568230628967e-01
-1.597631835937500000e+01,1.248117759823799133e-01
-1.587837219238281250e+01,1.264802962541580200e-01
-1.578090667724609375e+01,1.281572282314300537e-01
-1.568392944335937500e+01,1.298425048589706421e-01
-1.558742523193359375e+01,1.315360069274902344e-01
-1.549140167236328125e+01,1.332376897335052490e-01
-1.539585113525390625e+01,1.349474489688873291e-01
-1.530076599121093750e+01,1.366651952266693115e-01
-1.520614624023437500e+01,1.383908540010452271e-01
-1.511199951171875000e+01,1.401243507862091064e-01
-1.501831054687500000e+01,1.418655812740325928e-01
-1.492507934570312500e+01,1.436144709587097168e-01
-1.483230590820312500e+01,1.453709304332733154e-01
-1.473998260498046875e+01,1.471349000930786133e-01
-1.464810943603515625e+01,1.489062607288360596e-01
-1.455668640136718750e+01,1.506849527359008789e-01
-1.446570587158203125e+01,1.524708718061447144e-01
-1.437516784667968750e+01,1.542639583349227905e-01
-1.428507232666015625e+01,1.560641080141067505e-01
-1.419540405273437500e+01,1.578712612390518188e-01
-1.410617828369140625e+01,1.596852988004684448e-01
-1.401737213134765625e+01,1.615061610937118530e-01
-1.392900085449218750e+01,1.633337736129760742e-01
-1.384104919433593750e+01,1.651680171489715576e-01
-1.375352478027343750e+01,1.670088320970535278e-01
-1.366641998291015625e+01,1.688561439514160156e-01
-1.357972717285156250e+01,1.707098335027694702e-01
-1.349344635009765625e+01,1.725698560476303101e-01
-1.340757751464843750e+01,1.744361072778701782e-01
-1.332211303710937500e+01,1.763084977865219116e-01
-1.323705291748046875e+01,1.781869530677795410e-01
-1.315239715576171875e+01,1.800713986158370972e-01
-1.306813812255859375e+01,1.819617301225662231e-01
-1.298427581787109375e+01,1.838578730821609497e-01
-1.290081024169921875e+01,1.857597380876541138e-01
-1.281772613525390625e+01,1.876672506332397461e-01
-1.273503875732421875e+01,1.895803362131118774e-01
-1.265272521972656250e+01,1.914988756179809570e-01
-1.257080078125000000e+01,1.934228241443634033e-01
-1.248925781250000000e+01,1.953520774841308594e-01
-1.240808105468750000e+01,1.972865462303161621e-01
-1.232728576660156250e+01,1.992261558771133423e-01
-1.224685668945312500e+01,2.011708170175552368e-01
-1.216679382324218750e+01,2.031204551458358765e-01
-1.208709716796875000e+01,2.050749808549880981e-01
-1.200775909423828125e+01,2.070343196392059326e-01
-1.192878723144531250e+01,2.089983671903610229e-01
-1.185016632080078125e+01,2.109670490026473999e-01
-1.177189636230468750e+01,2.129402905702590942e-01
-1.169397735595703125e+01,2.149179875850677490e-01
-1.161640930175781250e+01,2.169000804424285889e-01
-1.153918457031250000e+01,2.188864648342132568e-01
-1.146229553222656250e+01,2.208770662546157837e-01
-1.138574981689453125e+01,2.228717952966690063e-01
-1.130953979492187500e+01,2.248705774545669556e-01
-1.123365783691406250e+01,2.268733233213424683e-01
-1.115811157226562500e+01,2.288799434900283813e-01
-1.108289337158203125e+01,2.308903634548187256e-01
-1.100799560546875000e+01,2.329044938087463379e-01
-1.093341827392578125e+01,2.349222600460052490e-01
-1.085916900634765625e+01,2.369435578584671021e-01
-1.078522491455078125e+01,2.389683127403259277e-01
-1.071160125732421875e+01,2.409964501857757568e-01
-1.063828277587890625e+01,2.430278807878494263e-01
-1.056526947021484375e+01,2.450625151395797729e-01
-1.049256134033203125e+01,2.471002787351608276e-01
-1.042015838623046875e+01,2.491410821676254272e-01
-1.034805297851562500e+01,2.511848211288452148e-01
-1.027624511718750000e+01,2.532314658164978027e-01
-1.020472717285156250e+01,2.552808821201324463e-01
-1.013349914550781250e+01,2.573329806327819824e-01
-1.006256103515625000e+01,2.593877315521240234e-01
-9.991905212402343750e+00,2.614449858665466309e-01
-9.921531677246093750e+00,2.635047137737274170e-01
-9.851432800292968750e+00,2.655668258666992188e-01
-9.781616210937500000e+00,2.676312029361724854e-01
-9.712066650390625000e+00,2.696977555751800537e-01
-9.642791748046875000e+00,2.717664539813995361e-01
-9.573776245117187500e+00,2.738371789455413818e-01
-9.505035400390625000e+00,2.759098410606384277e-01
-9.436546325683593750e+00,2.779843807220458984e-01
-9.368324279785156250e+00,2.800607085227966309e-01
-9.300354003906250000e+00,2.821387052536010742e-01
-9.232635498046875000e+00,2.842183113098144531e-01
-9.165168762207031250e+00,2.862994670867919922e-01
-9.097946166992187500e+00,2.883820533752441406e-01
-9.030975341796875000e+00,2.904660105705261230e-01
-8.964241027832031250e+00,2.925512492656707764e-01
-8.897743225097656250e+00,2.946376502513885498e-01
-8.831481933593750000e+00,2.967251837253570557e-01
-8.765457153320312500e+00,2.988137304782867432e-01
-8.699661254882812500e+00,3.009032309055328369e-01
-8.634086608886718750e+00,3.029935657978057861e-01
-8.568740844726562500e+00,3.050847053527832031e-01
-8.503616333007812500e+00,3.071765005588531494e-01
-8.438713073730468750e+00,3.092689216136932373e-01
-8.374023437500000000e+00,3.113618493080139160e-01
-8.309547424316406250e+00,3.134551942348480225e-01
-8.245277404785156250e+00,3.155489265918731689e-01
-8.181221008300781250e+00,3.176428973674774170e-01
-8.117362976074218750e+00,3.197370767593383789e-01
-8.053710937500000000e+00,3.218313455581665039e-01
-7.990249633789062500e+00,3.239256143569946289e-01
-7.926994323730468750e+00,3.260198235511779785e-01
-7.863922119140625000e+00,3.281139135360717773e-01
-7.801048278808593750e+00,3.302077353000640869e-01
-7.738357543945312500e+00,3.323012292385101318e-01
-7.675849914550781250e+00,3.343943357467651367e-01
-7.613525390625000000e+00,3.364869654178619385e-01
-7.551376342773437500e+00,3.385789990425109863e-01
-7.489402770996093750e+00,3.406703770160675049e-01
-7.427604675292968750e+00,3.427610397338867188e-01
-7.365982055664062500e+00,3.448508381843566895e-01
-7.304519653320312500e+00,3.469397723674774170e-01
-7.243225097656250000e+00,3.490276932716369629e-01
-7.182083129882812500e+00,3.511145412921905518e-01
-7.121109008789062500e+00,3.532002270221710205e-01
-7.060287475585937500e+00,3.552846610546112061e-01
-6.999618530273437500e+00,3.573677539825439453e-01
-6.939102172851562500e+00,3.594494760036468506e-01
-6.878730773925781250e+00,3.615296781063079834e-01
-6.818504333496093750e+00,3.636083006858825684e-01
-6.758415222167968750e+00,3.656852543354034424e-01
-6.698471069335937500e+00,3.677604794502258301e-01
-6.638656616210937500e+00,3.698338568210601807e-01
-6.578979492187500000e+00,3.719053268432617188e-01
-6.519432067871093750e+00,3.739747703075408936e-01
-6.460006713867187500e+00,3.760421574115753174e-01
-6.400711059570312500e+00,3.781073689460754395e-01
-6.341529846191406250e+00,3.801703453063964844e-01
-6.282470703125000000e+00,3.822309672832489014e-01
-6.223533630371093750e+00,3.842891454696655273e-01
-6.164703369140625000e+00,3.863448500633239746e-01
-6.105979919433593750e+00,3.883979618549346924e-01
-6.047370910644531250e+00,3.904484212398529053e-01
-5.988861083984375000e+00,3.924961090087890625e-01
-5.930450439453125000e+00,3.945409357547760010e-01
-5.872146606445312500e+00,3.965828716754913330e-01
-5.813926696777343750e+00,3.986217677593231201e-01
-5.755813598632812500e+00,4.006575942039489746e-01
-5.697776794433593750e+00,4.026902318000793457e-01
-5.639839172363281250e+00,4.047196209430694580e-01
-5.581977844238281250e+00,4.067456722259521484e-01
-5.524200439453125000e+00,4.087682664394378662e-01
-5.466499328613281250e+00,4.107873737812042236e-01
-5.408874511718750000e+00,4.128028750419616699e-01
-5.351325988769531250e+00,4.148147106170654297e-01
-5.293838500976562500e+00,4.168227612972259521e-01
-5.236427307128906250e+00,4.188269674777984619e-01
-5.179077148437500000e+00,4.208272397518157959e-01
-5.121788024902343750e+00,4.228235185146331787e-01
-5.064559936523437500e+00,4.248156845569610596e-01
-5.007377624511718750e+00,4.268036484718322754e-01
-4.950256347656250000e+00,4.287873804569244385e-01
-4.893188476562500000e+00,4.307667315006256104e-01
-4.836158752441406250e+00,4.327416718006134033e-01
-4.779182434082031250e+00,4.347120523452758789e-01
-4.722236633300781250e+00,4.366778731346130371e-01
-4.665336608886718750e+00,4.386389851570129395e-01
-4.608474731445312500e+00,4.405953288078308105e-01
-4.551635742187500000e+00,4.425468146800994873e-01
-4.494834899902343750e+00,4.444933533668518066e-01
-4.438056945800781250e+00,4.464348852634429932e-01
-4.381301879882812500e+00,4.483712911605834961e-01
-4.317024230957031250e+00,4.505622982978820801e-01
-4.248092651367187500e+00,4.529213607311248779e-01
-4.179496765136718750e+00,4.552794992923736572e-01
-4.111228942871093750e+00,4.576366841793060303e-01
-4.043289184570312500e+00,4.599928855895996094e-01
-3.975669860839843750e+00,4.623480737209320068e-01
-3.908370971679687500e+00,4.647022485733032227e-01
-3.841377258300781250e+00,4.670553207397460938e-01
-3.774703979492187500e+00,4.694072902202606201e-01
-3.708328247070312500e+00,4.717581570148468018e-01
-3.642250061035156250e+00,4.741078317165374756e-01
-3.576469421386718750e+00,4.764563143253326416e-01
-3.510971069335937500e+00,4.788035452365875244e-01
-3.445770263671875000e+00,4.811495542526245117e-01
-3.380844116210937500e+00,4.834942519664764404e-01
-3.316192626953125000e+00,4.858376383781433105e-01
-3.251815795898437500e+00,4.881796538829803467e-01
-3.187698364257812500e+00,4.905202984809875488e-01
-3.123855590820312500e+00,4.928595125675201416e-01
-3.060264587402343750e+00,4.951972961425781250e-01
-2.996925354003906250e+00,4.975335896015167236e-01
-2.933837890625000000e+00,4.998683631420135498e-01
-2.870986938476562500e+00,5.022016167640686035e-01
-2.808387756347656250e+00,5.045332908630371094e-01
-2.746009826660156250e+00,5.068633556365966797e-01
-2.683876037597656250e+00,5.091917514801025391e-01
-2.621955871582031250e+00,5.115185379981994629e-01
-2.560264587402343750e+00,5.138435959815979004e-01
-2.498786926269531250e+00,5.161669254302978516e-01
-2.437522888183593750e+00,5.184884667396545410e-01
-2.376464843750000000e+00,5.208082795143127441e-01
-2.315605163574218750e+00,5.231262445449829102e-01
-2.254951477050781250e+00,5.254423022270202637e-01
-2.194488525390625000e+00,5.277565121650695801e-01
-2.134216308593750000e+00,5.300688147544860840e-01
-2.074119567871093750e+00,5.323791503906250000e-01
-2.014213562011718750e+00,5.346875190734863281e-01
-1.954475402832031250e+00,5.369939208030700684e-01
-1.894912719726562500e+00,5.392981767654418945e-01
-1.835510253906250000e+00,5.416004657745361328e-01
-1.776275634765625000e+00,5.439005494117736816e-01
-1.717193603515625000e+00,5.461985468864440918e-01
-1.658264160156250000e+00,5.484943985939025879e-01
-1.599487304687500000e+00,5.507880449295043945e-01
-1.540847778320312500e+00,5.530794262886047363e-01
-1.482353210449218750e+00,5.553685426712036133e-01
-1.423988342285156250e+00,5.576553940773010254e-01
-1.365753173828125000e+00,5.599399209022521973e-01
-1.307640075683593750e+00,5.622220635414123535e-01
-1.249649047851562500e+00,5.645018219947814941e-01
-1.191772460937500000e+00,5.667791962623596191e-01
-1.134010314941406250e+00,5.690540671348571777e-01
-1.076347351074218750e+00,5.713264942169189453e-01
-1.018791198730468750e+00,5.735964179039001465e-01
-9.613342285156250000e-01,5.758637785911560059e-01
-9.039688110351562500e-01,5.781285762786865234e-01
-8.466873168945312500e-01,5.803907513618469238e-01
-7.894897460937500000e-01,5.826503038406372070e-01
-7.323760986328125000e-01,5.849071741104125977e-01
-6.753311157226562500e-01,5.871613621711730957e-01
-6.183547973632812500e-01,5.894128084182739258e-01
-5.614471435546875000e-01,5.916614532470703125e-01
-5.046005249023437500e-01,5.939073562622070312e-01
-4.478149414062500000e-01,5.961503982543945312e-01
-3.910675048828125000e-01,5.983906388282775879e-01
-3.343734741210937500e-01,6.006279587745666504e-01
-2.777252197265625000e-01,6.028622984886169434e-01
-2.211074829101562500e-01,6.050937771797180176e-01
-1.645278930664062500e-01,6.073222160339355469e-01
-1.079788208007812500e-01,6.095476746559143066e-01
-5.144500732421875000e-02,6.117700934410095215e-01
5.065917968750000000e-03,6.139894127845764160e-01
6.156158447265625000e-02,6.162056326866149902e-01
1.180419921875000000e-01,6.184186935424804688e-01
1.745223999023437500e-01,6.206285953521728516e-01
2.310028076171875000e-01,6.228353381156921387e-01
2.874908447265625000e-01,6.250388026237487793e-01
3.439788818359375000e-01,6.272389888763427734e-01
4.004898071289062500e-01,6.294358968734741211e-01
4.570083618164062500e-01,6.316295266151428223e-01
5.135574340820312500e-01,6.338197588920593262e-01
5.701293945312500000e-01,6.360065937042236328e-01
6.267318725585937500e-01,6.381900310516357422e-01
6.833648681640625000e-01,6.403699517250061035e-01
7.400512695312500000e-01,6.425464749336242676e-01
7.967758178710937500e-01,6.447194218635559082e-01
8.535461425781250000e-01,6.468888521194458008e-01
9.103775024414062500e-01,6.490547060966491699e-01
9.672622680664062500e-01,6.512169241905212402e-01
1.024215698242187500e+00,6.533755660057067871e-01
1.081237792968750000e+00,6.555304527282714844e-01
1.138328552246093750e+00,6.576817035675048828e-01
1.195495605468750000e+00,6.598291993141174316e-01
1.252746582031250000e+00,6.619729399681091309e-01
1.310089111328125000e+00,6.641128659248352051e-01
1.367515563964843750e+00,6.662489175796508789e-01
1.425041198730468750e+00,6.683812141418457031e-01
1.482666015625000000e+00,6.705095171928405762e-01
1.540390014648437500e+00,6.726339459419250488e-01
1.598236083984375000e+00,6.747544407844543457e-01
1.656188964843750000e+00,6.768709421157836914e-01
1.714256286621093750e+00,6.789834499359130859e-01
1.772453308105468750e+00,6.810918450355529785e-01
1.830772399902343750e+00,6.831961870193481445e-01
1.889228820800781250e+00,6.852964758872985840e-01
1.947822570800781250e+00,6.873925328254699707e-01
2.006553649902343750e+00,6.894844770431518555e-01
2.065437316894531250e+00,6.915721893310546875e-01
2.124465942382812500e+00,6.936557292938232422e-01
2.183654785156250000e+00,6.957349181175231934e-01
2.242996215820312500e+00,6.978098750114440918e-01
2.302505493164062500e+00,6.998804807662963867e-01
2.362190246582031250e+00,7.019466757774353027e-01
2.422042846679687500e+00,7.040085792541503906e-01
2.482070922851562500e+00,7.060659527778625488e-01
2.542289733886718750e+00,7.081189751625061035e-01
2.602691650390625000e+00,7.101674079895019531e-01
2.663284301757812500e+00,7.122114300727844238e-01
2.724075317382812500e+00,7.142508029937744141e-01
2.785064697265625000e+00,7.162856459617614746e-01
2.846260070800781250e+00,7.183158993721008301e-01
2.907669067382812500e+00,7.203415036201477051e-01
2.969291687011718750e+00,7.223623991012573242e-01
3.031135559082031250e+00,7.243786454200744629e-01
3.093200683593750000e+00,7.263901233673095703e-01
3.155494689941406250e+00,7.283968329429626465e-01
3.218025207519531250e+00,7.303987145423889160e-01
3.280792236328125000e+00,7.323958277702331543e-01
3.343803405761718750e+00,7.343880534172058105e-01
3.407058715820312500e+00,7.363753914833068848e-01
3.470565795898437500e+00,7.383577823638916016e-01
3.534332275390625000e+00,7.403352260589599609e-01
3.598358154296875000e+00,7.423076629638671875e-01
3.662651062011718750e+00,7.442751526832580566e-01
3.727210998535156250e+00,7.462375164031982422e-01
3.792045593261718750e+00,7.481948733329772949e-01
3.857162475585937500e+00,7.501470446586608887e-01
3.922561645507812500e+00,7.520940899848937988e-01
3.988250732421875000e+00,7.540360093116760254e-01
4.054229736328125000e+00,7.559726834297180176e-01
4.120506286621093750e+00,7.579041123390197754e-01
4.187088012695312500e+00,7.598302960395812988e-01
4.253974914550781250e+00,7.617511749267578125e-01
4.321174621582031250e+00,7.636667490005493164e-01
4.388687133789062500e+00,7.655769586563110352e-01
4.456520080566406250e+00,7.674817442893981934e-01
4.524681091308593750e+00,7.693811058998107910e-01
4.593170166015625000e+00,7.712749838829040527e-01
4.661994934082031250e+00,7.731634378433227539e-01
4.731163024902343750e+00,7.750463485717773438e-01
4.800666809082031250e+00,7.769237160682678223e-01
4.870521545410156250e+00,7.787954807281494141e-01
4.940734863281250000e+00,7.806616425514221191e-01
5.011299133300781250e+00,7.825221419334411621e-01
5.082221984863281250e+00,7.843770384788513184e-01
5.153518676757812500e+00,7.862261533737182617e-01
5.225181579589843750e+00,7.880695462226867676e-01
5.297225952148437500e+00,7.899071574211120605e-01
5.369644165039062500e+00,7.917389869689941406e-01
5.442451477050781250e+00,7.935650348663330078e-01
5.515647888183593750e+00,7.953851222991943359e-01
5.589233398437500000e+00,7.971993684768676758e-01
5.663223266601562500e+00,7.990077137947082520e-01
5.737609863281250000e+00,8.008100986480712891e-01
5.812408447265625000e+00,8.026064634323120117e-01
5.887619018554687500e+00,8.043968081474304199e-01
5.963249206542968750e+00,8.061810731887817383e-01
6.039299011230468750e+00,8.079593181610107422e-01
6.115776062011718750e+00,8.097314238548278809e-01
6.192680358886718750e+00,8.114973902702331543e-01
6.270027160644531250e+00,8.132571578025817871e-01
6.347808837890625000e+00,8.150107264518737793e-01
6.426033020019531250e+00,8.167580962181091309e-01
6.504707336425781250e+00,8.184991478919982910e-01
6.583839416503906250e+00,8.202339410781860352e-01
6.663429260253906250e+00,8.219623565673828125e-01
6.743476867675781250e+00,8.236844539642333984e-01
6.823997497558593750e+00,8.254001140594482422e-01
6.904983520507812500e+00,8.271093368530273438e-01
6.986450195312500000e+00,8.288121819496154785e-01
7.068397521972656250e+00,8.305084705352783203e-01
7.150833129882812500e+00,8.321982622146606445e-01
7.233757019042968750e+00,8.338814973831176758e-01
7.317176818847656250e+00,8.355581164360046387e-01
7.401100158691406250e+00,8.372281789779663086e-01
7.485519409179687500e+00,8.388915657997131348e-01
7.570457458496093750e+00,8.405482769012451172e-01
7.655899047851562500e+00,8.421982526779174805e-01
7.741859436035156250e+00,8.438414931297302246e-01
7.828346252441406250e+00,8.454779982566833496e-01
7.915359497070312500e+00,8.471077084541320801e-01
8.002906799316406250e+00,8.487305641174316406e-01
8.090988159179687500e+00,8.503465652465820312e-01
8.179611206054687500e+00,8.519556522369384766e-01
8.268775939941406250e+00,8.535578250885009766e-01
8.358497619628906250e+00,8.551530241966247559e-01
8.448768615722656250e+00,8.567412495613098145e-01
8.539604187011718750e+00,8.583224415779113770e-01
8.630996704101562500e+00,8.598965406417846680e-01
8.722961425781250000e+00,8.614636063575744629e-01
8.815498352050781250e+00,8.630235791206359863e-01
8.908615112304687500e+00,8.645763397216796875e-01
9.002311706542968750e+00,8.661220073699951172e-01
9.096595764160156250e+00,8.676604032516479492e-01
9.191474914550781250e+00,8.691915869712829590e-01
9.286941528320312500e+00,8.707154393196105957e-01
9.383018493652343750e+00,8.722320795059204102e-01
9.479698181152343750e+00,8.737413287162780762e-01
9.576980590820312500e+00,8.752431869506835938e-01
9.674880981445312500e+00,8.767377138137817383e-01
9.773406982421875000e+00,8.782247900962829590e-01
9.872550964355468750e+00,8.797043561935424805e-01
9.972320556640625000e+00,8.811764717102050781e-01
1.007273101806640625e+01,8.826410770416259766e-01
1.017376708984375000e+01,8.840981125831604004e-01
1.027545166015625000e+01,8.855475783348083496e-01
1.037778472900390625e+01,8.869894146919250488e-01
1.048076629638671875e+01,8.884236216545104980e-01
1.058440399169921875e+01,8.898501396179199219e-01
1.068870544433593750e+01,8.912689089775085449e-01
1.079367065429687500e+01,8.926799893379211426e-01
1.089929962158203125e+01,8.940832614898681641e-01
1.100560760498046875e+01,8.954787850379943848e-01
1.111259460449218750e+01,8.968664407730102539e-01
1.122026062011718750e+01,8.982462286949157715e-01
1.132862091064453125e+01,8.996180891990661621e-01
1.143766784667968750e+01,9.009820222854614258e-01
1.154740905761718750e+01,9.023380279541015625e-01
1.165785980224609375e+01,9.036860466003417969e-01
1.176901245117187500e+01,9.050260186195373535e-01
1.188087463378906250e+01,9.063579440116882324e-01
1.199346160888671875e+01,9.076817631721496582e-01
1.210675811767578125e+01,9.089974761009216309e-01
1.222077941894531250e+01,9.103050827980041504e-01
1.233553314208984375e+01,9.116044640541076660e-01
1.245102691650390625e+01,9.128956198692321777e-01
1.256724548339843750e+01,9.141785502433776855e-01
1.268421936035156250e+01,9.154531955718994141e-01
1.280193328857421875e+01,9.167195558547973633e-01
1.292040252685546875e+01,9.179776310920715332e-01
1.303962707519531250e+01,9.192272424697875977e-01
1.315961456298828125e+01,9.204685091972351074e-01
1.328036499023437500e+01,9.217013120651245117e-01
1.340188598632812500e+01,9.229257106781005859e-01
1.352418518066406250e+01,9.241415858268737793e-01
1.364726257324218750e+01,9.253488779067993164e-01
1.377112579345703125e+01,9.265477061271667480e-01
1.389577484130859375e+01,9.277378916740417480e-01
1.402121734619140625e+01,9.289194941520690918e-01
1.414746093750000000e+01,9.300923943519592285e-01
1.427450561523437500e+01,9.312566518783569336e-01
1.440235900878906250e+01,9.324122071266174316e-01
1.453102111816406250e+01,9.335590004920959473e-01
1.466049957275390625e+01,9.346970319747924805e-01
1.479080200195312500e+01,9.358262419700622559e-01
1.492192840576171875e+01,9.369466304779052734e-01
1.505388641357421875e+01,9.380581378936767578e-01
1.518667602539062500e+01,9.391607642173767090e-01
1.532030487060546875e+01,9.402543902397155762e-01
1.545478057861328125e+01,9.413391351699829102e-01
1.559010314941406250e+01,9.424148201942443848e-01
1.572628021240234375e+01,9.434815645217895508e-01
1.586331176757812500e+01,9.445391893386840820e-01
1.600121307373046875e+01,9.455877542495727539e-01
1.613997650146484375e+01,9.466271400451660156e-01
1.627960968017578125e+01,9.476574659347534180e-01
1.642012023925781250e+01,9.486785531044006348e-01
1.656150817871093750e+01,9.496904611587524414e-01
1.670378875732421875e+01,9.506930708885192871e-01
1.684695434570312500e+01,9.516864418983459473e-01
1.699101257324218750e+01,9.526705145835876465e-01
1.713597106933593750e+01,9.536452293395996094e-01
1.728183746337890625e+01,9.546105861663818359e-01
1.742860412597656250e+01,9.555665254592895508e-01
1.757629394531250000e+01,9.565130472183227539e-01
1.772489166259765625e+01,9.574500918388366699e-01
1.787441253662109375e+01,9.583776593208312988e-01
1.802486419677734375e+01,9.592956900596618652e-01
1.817624664306640625e+01,9.602041244506835938e-01
1.832856750488281250e+01,9.611030220985412598e-01
1.848181915283203125e+01,9.619923233985900879e-01
1.863602447509765625e+01,9.628719091415405273e-01
1.879117584228515625e+01,9.637418389320373535e-01
1.894728088378906250e+01,9.646020531654357910e-01
1.910434722900390625e+01,9.654525518417358398e-01
1.926237487792968750e+01,9.662932157516479492e-01
1.942137145996093750e+01,9.671241044998168945e-01
1.958133697509765625e+01,9.679451584815979004e-01
1.974228668212890625e+01,9.687563180923461914e-01
1.990421295166015625e+01,9.695575833320617676e-01
2.006712341308593750e+01,9.703489542007446289e-01
2.023102569580078125e+01,9.711303114891052246e-01
2.039592742919921875e+01,9.719017148017883301e-01
2.056182861328125000e+01,9.726630449295043945e-01
2.072872924804687500e+01,9.734143018722534180e-01
2.089664459228515625e+01,9.741555452346801758e-01
2.106556701660156250e+01,9.748865962028503418e-01
2.123551177978515625e+01,9.756075143814086914e-01
2.140648651123046875e+01,9.763182997703552246e-01
2.157847595214843750e+01,9.770188331604003906e-01
2.175151062011718750e+01,9.777091145515441895e-01
2.192556762695312500e+01,9.783890843391418457e-01
2.210067749023437500e+01,9.790588021278381348e-01
2.227683258056640625e+01,9.797181487083435059e-01
2.245403289794921875e+01,9.803671240806579590e-01
2.263228607177734375e+01,9.810057282447814941e-01
2.281160736083984375e+01,9.816338419914245605e-01
2.299198913574218750e+01,9.822515249252319336e-01
2.317343902587890625e+01,9.828587174415588379e-01
2.335596466064453125e+01,9.834554195404052734e-01
2.353956604003906250e+01,9.840415120124816895e-01
2.372425079345703125e+01,9.846169948577880859e-01
2.391001892089843750e+01,9.851818680763244629e-01
2.409688568115234375e+01,9.857361316680908203e-01
2.428484344482421875e+01,9.862796664237976074e-01
2.447389984130859375e+01,9.868124723434448242e-01
2.466407012939453125e+01,9.873345494270324707e-01
2.485534667968750000e+01,9.878458380699157715e-01
2.504773712158203125e+01,9.883463382720947266e-01
2.524124908447265625e+01,9.888359904289245605e-01
2.543588256835937500e+01,9.893147945404052734e-01
2.563164520263671875e+01,9.897826313972473145e-01
2.582854461669921875e+01,9.902396202087402344e-01
2.602657318115234375e+01,9.906855821609497070e-01
2.622575378417968750e+01,9.911205172538757324e-01
2.642607879638671875e+01,9.915444850921630859e-01
2.662754821777343750e+01,9.919573664665222168e-01
2.683018493652343750e+01,9.923591613769531250e-01
2.703397369384765625e+01,9.927498102188110352e-01
2.723892974853515625e+01,9.931293129920959473e-01
2.744505310058593750e+01,9.934976696968078613e-01
2.765235900878906250e+01,9.938547611236572266e-01
2.786083984375000000e+01,9.942006468772888184e-01
2.807050323486328125e+01,9.945352077484130859e-01
2.828135681152343750e+01,9.948585033416748047e-01
2.849340057373046875e+01,9.951704144477844238e-01
2.870664215087890625e+01,9.954710006713867188e-01
2.892108154296875000e+01,9.957601428031921387e-01
2.913673400878906250e+01,9.960378408432006836e-01
2.935359954833984375e+01,9.963040947914123535e-01
2.957167816162109375e+01,9.965588450431823730e-01
2.979096984863281250e+01,9.968020319938659668e-01
3.001149749755859375e+01,9.970337152481079102e-01
3.023324584960937500e+01,9.972537755966186523e-01
3.045623779296875000e+01,9.974622130393981934e-01
3.068045806884765625e+01,9.976590275764465332e-01
3.090592956542968750e+01,9.978440999984741211e-01
3.113264465332031250e+01,9.980174899101257324e-01
3.136061096191406250e+01,9.981790781021118164e-01
3.158984375000000000e+01,9.983289241790771484e-01
3.182032775878906250e+01,9.984669685363769531e-01
3.205208587646484375e+01,9.985932111740112305e-01
3.228511047363281250e+01,9.987074732780456543e-01
3.251940917968750000e+01,9.988099336624145508e-01
3.275498962402343750e+01,9.989004135131835938e-01
3.299185180664062500e+01,9.989789128303527832e-01
3.323000335693359375e+01,9.990453720092773438e-01
3.346945190429687500e+01,9.990998506546020508e-01
3.371020507812500000e+01,9.991422891616821289e-01
3.395224761962890625e+01,9.991726279258728027e-01
3.419561004638671875e+01,9.991908073425292969e-01
3.439858245849609375e+01,9.992006421089172363e-01
3.460044097900390625e+01,9.992103576660156250e-01
3.480229187011718750e+01,9.992201328277587891e-01
3.500415039062500000e+01,9.992299079895019531e-01
3.520600891113281250e+01,9.992396235466003418e-01
3.540785980224609375e+01,9.992493987083435059e-01
3.560971832275390625e+01,9.992591738700866699e-01
3.581157684326171875e+01,9.992689490318298340e-01
3.601342773437500000e+01,9.992786645889282227e-01
3.621528625488281250e+01,9.992884397506713867e-01
3.641714477539062500e+01,9.992982149124145508e-01
3.661900329589843750e+01,9.993079900741577148e-01
3.682085418701171875e+01,9.993177056312561035e-01
3.702271270751953125e+01,9.993274807929992676e-01
3.722457122802734375e+01,9.993372559547424316e-01
3.742642211914062500e+01,9.993469715118408203e-01
3.762828063964843750e+01,9.993567466735839844e-01
3.783013916015625000e+01,9.993665218353271484e-01
3.803199768066406250e+01,9.993762969970703125e-01
3.823384857177734375e+01,9.993860125541687012e-01
3.843570709228515625e+01,9.993957877159118652e-01
3.863756561279296875e+01,9.994055628776550293e-01
3.883941650390625000e+01,9.994152784347534180e-01
3.904127502441406250e+01,9.994250535964965820e-01
3.924313354492187500e+01,9.994348287582397461e-01
3.944498443603515625e+01,9.994446039199829102e-01
3.964684295654296875e+01,9.994543194770812988e-01
3.984870147705078125e+01,9.994640946388244629e-01
4.005055999755859375e+01,9.994738698005676270e-01
4.025241088867187500e+01,9.994836449623107910e-01
4.045426940917968750e+01,9.994933605194091797e-01
4.065612792968750000e+01,9.995031356811523438e-01
4.085797882080078125e+01,9.995129108428955078e-01
4.105983734130859375e+01,9.995226263999938965e-01
4.126169586181640625e+01,9.995324015617370605e-01
4.146354675292968750e+01,9.995421767234802246e-01
4.166540527343750000e+01,9.995519518852233887e-01
4.186726379394531250e+01,9.995616674423217773e-01
4.206912231445312500e+01,9.995714426040649414e-01
4.227097320556640625e+01,9.995812177658081055e-01
4.247283172607421875e+01,9.995909929275512695e-01
4.267469024658203125e+01,9.996007084846496582e-01
4.287654113769531250e+01,9.996104836463928223e-01
4.307839965820312500e+01,9.996202588081359863e-01
4.328025817871093750e+01,9.996299743652343750e-01
4.348210906982421875e+01,9.996397495269775391e-01
4.368396759033203125e+01,9.996495246887207031e-01
4.388582611083984375e+01,9.996592998504638672e-01
4.408768463134765625e+01,9.996690154075622559e-01
4.428953552246093750e+01,9.996787905693054199e-01
4.449139404296875000e+01,9.996885657310485840e-01
4.469325256347656250e+01,9.996982812881469727e-01
4.489510345458984375e+01,9.997080564498901367e-01
4.509696197509765625e+01,9.997178316116333008e-01
4.529882049560546875e+01,9.997276067733764648e-01
4.550067138671875000e+01,9.997373223304748535e-01
4.570252990722656250e+01,9.997470974922180176e-01
4.590438842773437500e+01,9.997568726539611816e-01
4.610624694824218750e+01,9.997666478157043457e-01
4.630809783935546875e+01,9.997763633728027344e-01
4.650995635986328125e+01,9.997861385345458984e-01
4.671181488037109375e+01,9.997959136962890625e-01
4.691366577148437500e+01,9.998056292533874512e-01
4.711552429199218750e+01,9.998154044151306152e-01
4.731738281250000000e+01,9.998251795768737793e-01
4.751923370361328125e+01,9.998349547386169434e-01
4.772109222412109375e+01,9.998446702957153320e-01
4.792295074462890625e+01,9.998544454574584961e-01
4.812480163574218750e+01,9.998642206192016602e-01
4.832666015625000000e+01,9.998739361763000488e-01
4.852851867675781250e+01,9.998837113380432129e-01
4.873037719726562500e+01,9.998934864997863770e-01
4.893223571777343750e+01,9.999032616615295410e-01
4.913409423828125000e+01,9.999129772186279297e-01
4.933593750000000000e+01,9.999227523803710938e-01
4.953779602050781250e+01,9.999325275421142578e-01
4.973965454101562500e+01,9.999423027038574219e-01
4.994151306152343750e+01,9.999520182609558105e-01
5.014337158203125000e+01,9.999617934226989746e-01
5.034523010253906250e+01,9.999715685844421387e-01
5.054708862304687500e+01,9.999812841415405273e-01
5.074893188476562500e+01,9.999910593032836914e-01
5.095079040527343750e+01,1.000000834465026855e+00
5.115264892578125000e+01,1.000010609626770020e+00
5.135450744628906250e+01,1.000020384788513184e+00
5.155636596679687500e+01,1.000030159950256348e+00
5.175822448730468750e+01,1.000039815902709961e+00
5.196006774902343750e+01,1.000049591064453125e+00
5.216192626953125000e+01,1.000059366226196289e+00
5.236378479003906250e+01,1.000069141387939453e+00
5.256564331054687500e+01,1.000078916549682617e+00
5.276750183105468750e+01,1.000088691711425781e+00
5.296936035156250000e+01,1.000098466873168945e+00
5.317121887207031250e+01,1.000108122825622559e+00
5.337306213378906250e+01,1.000117897987365723e+00
5.357492065429687500e+01,1.000127673149108887e+00
5.377677917480468750e+01,1.000137448310852051e+00
5.397863769531250000e+01,1.000147223472595215e+00
5.418049621582031250e+01,1.000156998634338379e+00
5.438235473632812500e+01,1.000166773796081543e+00
5.458421325683593750e+01,1.000176429748535156e+00
5.478605651855468750e+01,1.000186204910278320e+00
5.498791503906250000e+01,1.000195980072021484e+00
5.518977355957031250e+01,1.000205755233764648e+00
5.539163208007812500e+01,1.000215530395507812e+00
5.559349060058593750e+01,1.000225305557250977e+00
5.579534912109375000e+01,1.000235080718994141e+00
5.599719238281250000e+01,1.000244736671447754e+00
5.619905090332031250e+01,1.000254511833190918e+00
5.640090942382812500e+01,1.000264286994934082e+00
5.660276794433593750e+01,1.000274062156677246e+00
5.680462646484375000e+01,1.000283837318420410e+00
5.700648498535156250e+01,1.000293612480163574e+00
5.720834350585937500e+01,1.000303387641906738e+00
5.741018676757812500e+01,1.000313162803649902e+00
5.761204528808593750e+01,1.000322818756103516e+00
5.781390380859375000e+01,1.000332593917846680e+00
5.801576232910156250e+01,1.000342369079589844e+00
5.821762084960937500e+01,1.000352144241333008e+00
5.841947937011718750e+01,1.000361919403076172e+00
5.862133789062500000e+01,1.000371694564819336e+00
5.882318115234375000e+01,1.000381469726562500e+00
5.902503967285156250e+01,1.000391125679016113e+00
5.922689819335937500e+01,1.000400900840759277e+00
5.942875671386718750e+01,1.000410676002502441e+00
5.963061523437500000e+01,1.000420451164245605e+00
5.983247375488281250e+01,1.000430226325988770e+00
6.003433227539062500e+01,1.000440001487731934e+00
6.023617553710937500e+01,1.000449776649475098e+00
6.043803405761718750e+01,1.000459432601928711e+00
6.063989257812500000e+01,1.000469207763671875e+00
6.084175109863281250e+01,1.000478982925415039e+00
6.104360961914062500e+01,1.000488758087158203e+00
