time[ms],current [pA]
-1.200000000000000000e+02,9.377064704895019531e-01
-1.199035415649414062e+02,9.372729659080505371e-01
-1.198072128295898438e+02,9.368384480476379395e-01
-1.197110137939453125e+02,9.364029169082641602e-01
-1.196149368286132812e+02,9.359662532806396484e-01
-1.195189895629882812e+02,9.355285763740539551e-01
-1.194231719970703125e+02,9.350897669792175293e-01
-1.193274688720703125e+02,9.346497654914855957e-01
-1.192318954467773438e+02,9.342086315155029297e-01
-1.191364440917968750e+02,9.337662458419799805e-01
-1.190411071777343750e+02,9.333226084709167480e-01
-1.189458999633789062e+02,9.328777194023132324e-01
-1.188508071899414062e+02,9.324315190315246582e-01
-1.187558364868164062e+02,9.319840073585510254e-01
-1.186609802246093750e+02,9.315351247787475586e-01
-1.185662460327148438e+02,9.310848712921142578e-01
-1.184716186523437500e+02,9.306331872940063477e-01
-1.183771133422851562e+02,9.301800727844238281e-01
-1.182827224731445312e+02,9.297254085540771484e-01
-1.181884460449218750e+02,9.292692542076110840e-01
-1.180942840576171875e+02,9.288116097450256348e-01
-1.180002288818359375e+02,9.283523559570312500e-01
-1.179062881469726562e+02,9.278914928436279297e-01
-1.178124542236328125e+02,9.274290204048156738e-01
-1.177187347412109375e+02,9.269648790359497070e-01
-1.176251144409179688e+02,9.264990091323852539e-01
-1.175316085815429688e+02,9.260314702987670898e-01
-1.174382095336914062e+02,9.255621433258056641e-01
-1.173449096679687500e+02,9.250910282135009766e-01
-1.172517242431640625e+02,9.246181249618530273e-01
-1.171586303710937500e+02,9.241433739662170410e-01
-1.170656509399414062e+02,9.236667752265930176e-01
-1.169727706909179688e+02,9.231882691383361816e-01
-1.168799896240234375e+02,9.227077960968017578e-01
-1.167873077392578125e+02,9.222253561019897461e-01
-1.166947250366210938e+02,9.217409491539001465e-01
-1.166022415161132812e+02,9.212545156478881836e-01
-1.165098571777343750e+02,9.207660555839538574e-01
-1.164175720214843750e+02,9.202754497528076172e-01
-1.163253784179687500e+02,9.197827577590942383e-01
-1.162332763671875000e+02,9.192879199981689453e-01
-1.161412734985351562e+02,9.187909364700317383e-01
-1.160493621826171875e+02,9.182917475700378418e-01
-1.159575500488281250e+02,9.177902936935424805e-01
-1.158658218383789062e+02,9.172866344451904297e-01
-1.157741851806640625e+02,9.167806506156921387e-01
-1.156826400756835938e+02,9.162723422050476074e-01
-1.155911788940429688e+02,9.157616496086120605e-01
-1.154998092651367188e+02,9.152485728263854980e-01
-1.154085311889648438e+02,9.147331118583679199e-01
-1.153173294067382812e+02,9.142152070999145508e-01
-1.152262191772460938e+02,9.136948585510253906e-01
-1.151351928710937500e+02,9.131719470024108887e-01
-1.150442504882812500e+02,9.126465320587158203e-01
-1.149533920288085938e+02,9.121185541152954102e-01
-1.148626098632812500e+02,9.115880131721496582e-01
-1.147719116210937500e+02,9.110547900199890137e-01
-1.146812896728515625e+02,9.105189442634582520e-01
-1.145907516479492188e+02,9.099804162979125977e-01
-1.145002899169921875e+02,9.094392061233520508e-01
-1.144099121093750000e+02,9.088951945304870605e-01
-1.143196029663085938e+02,9.083484411239624023e-01
-1.142293701171875000e+02,9.077988862991333008e-01
-1.141392135620117188e+02,9.072464704513549805e-01
-1.140491256713867188e+02,9.066911935806274414e-01
-1.139591140747070312e+02,9.061330556869506836e-01
-1.138691787719726562e+02,9.055719971656799316e-01
-1.137793045043945312e+02,9.050079584121704102e-01
-1.136895065307617188e+02,9.044409394264221191e-01
-1.135997772216796875e+02,9.038708806037902832e-01
-1.135101165771484375e+02,9.032978415489196777e-01
-1.134205245971679688e+02,9.027217030525207520e-01
-1.133310012817382812e+02,9.021424055099487305e-01
-1.132415390014648438e+02,9.015600681304931641e-01
-1.131521453857421875e+02,9.009745121002197266e-01
-1.130628128051757812e+02,9.003857374191284180e-01
-1.129735412597656250e+02,8.997938036918640137e-01
-1.128843383789062500e+02,8.991985321044921875e-01
-1.127951965332031250e+02,8.986000418663024902e-01
-1.127061080932617188e+02,8.979982137680053711e-01
-1.126170806884765625e+02,8.973930478096008301e-01
-1.125281143188476562e+02,8.967845439910888672e-01
-1.124392089843750000e+02,8.961725831031799316e-01
-1.123503570556640625e+02,8.955572247505187988e-01
-1.122615585327148438e+02,8.949383497238159180e-01
-1.121728210449218750e+02,8.943160176277160645e-01
-1.120841369628906250e+02,8.936901688575744629e-01
-1.119954986572265625e+02,8.930607438087463379e-01
-1.119069213867187500e+02,8.924277424812316895e-01
-1.118183898925781250e+02,8.917911052703857422e-01
-1.117299118041992188e+02,8.911508321762084961e-01
-1.116414794921875000e+02,8.905069231986999512e-01
-1.115531005859375000e+02,8.898592591285705566e-01
-1.114479217529296875e+02,8.890839219093322754e-01
-1.113366851806640625e+02,8.882602453231811523e-01
-1.112259368896484375e+02,8.874364495277404785e-01
-1.111156692504882812e+02,8.866125941276550293e-01
-1.110058898925781250e+02,8.857885599136352539e-01
-1.108965911865234375e+02,8.849644660949707031e-01
-1.107877655029296875e+02,8.841401934623718262e-01
-1.106794204711914062e+02,8.833157420158386230e-01
-1.105715484619140625e+02,8.824911117553710938e-01
-1.104641418457031250e+02,8.816663622856140137e-01
-1.103571929931640625e+02,8.808413743972778320e-01
-1.102507171630859375e+02,8.800162076950073242e-01
-1.101446990966796875e+02,8.791908025741577148e-01
-1.100391387939453125e+02,8.783651590347290039e-01
-1.099340362548828125e+02,8.775392770767211914e-01
-1.098293762207031250e+02,8.767132163047790527e-01
-1.097251739501953125e+02,8.758868575096130371e-01
-1.096214141845703125e+02,8.750602006912231445e-01
-1.095180892944335938e+02,8.742332458496093750e-01
-1.094152145385742188e+02,8.734060525894165039e-01
-1.093127746582031250e+02,8.725785017013549805e-01
-1.092107696533203125e+02,8.717506527900695801e-01
-1.091091918945312500e+02,8.709225058555603027e-01
-1.090080413818359375e+02,8.700939416885375977e-01
-1.089073257446289062e+02,8.692650794982910156e-01
-1.088070220947265625e+02,8.684358596801757812e-01
-1.087071456909179688e+02,8.676062226295471191e-01
-1.086076812744140625e+02,8.667762279510498047e-01
-1.085086364746093750e+02,8.659458160400390625e-01
-1.084100036621093750e+02,8.651149868965148926e-01
-1.083117752075195312e+02,8.642838001251220703e-01
-1.082139511108398438e+02,8.634520769119262695e-01
-1.081165313720703125e+02,8.626199960708618164e-01
-1.080195083618164062e+02,8.617873787879943848e-01
-1.079228897094726562e+02,8.609543442726135254e-01
-1.078266601562500000e+02,8.601208329200744629e-01
-1.077308197021484375e+02,8.592867851257324219e-01
-1.076353683471679688e+02,8.584522604942321777e-01
-1.075403060913085938e+02,8.576171994209289551e-01
-1.074456253051757812e+02,8.567816615104675293e-01
-1.073513183593750000e+02,8.559455275535583496e-01
-1.072573928833007812e+02,8.551088571548461914e-01
-1.071638412475585938e+02,8.542716503143310547e-01
-1.070706634521484375e+02,8.534338474273681641e-01
-1.069778442382812500e+02,8.525954484939575195e-01
-1.068853988647460938e+02,8.517564535140991211e-01
-1.067933120727539062e+02,8.509168624877929688e-01
-1.067015914916992188e+02,8.500766754150390625e-01
-1.066102218627929688e+02,8.492358326911926270e-01
-1.065192031860351562e+02,8.483943343162536621e-01
-1.064285354614257812e+02,8.475521802902221680e-01
-1.063382186889648438e+02,8.467093706130981445e-01
-1.062482452392578125e+02,8.458659052848815918e-01
-1.061586227416992188e+02,8.450217247009277344e-01
-1.060693283081054688e+02,8.441768288612365723e-01
-1.059803771972656250e+02,8.433312177658081055e-01
-1.058917541503906250e+02,8.424848914146423340e-01
-1.058034667968750000e+02,8.416378498077392578e-01
-1.057154998779296875e+02,8.407900333404541016e-01
-1.056278686523437500e+02,8.399415016174316406e-01
-1.055405502319335938e+02,8.390921354293823242e-01
-1.054535522460937500e+02,8.382420539855957031e-01
-1.053668746948242188e+02,8.373911380767822266e-01
-1.052805099487304688e+02,8.365393877029418945e-01
-1.051944580078125000e+02,8.356868624687194824e-01
-1.051087036132812500e+02,8.348335027694702148e-01
-1.050232620239257812e+02,8.339792490005493164e-01
-1.049381256103515625e+02,8.331242203712463379e-01
-1.048532791137695312e+02,8.322682976722717285e-01
-1.047687377929687500e+02,8.314114809036254883e-01
-1.046844863891601562e+02,8.305537700653076172e-01
-1.046005249023437500e+02,8.296952247619628906e-01
-1.045168457031250000e+02,8.288357257843017578e-01
-1.044334564208984375e+02,8.279752731323242188e-01
-1.043503494262695312e+02,8.271139264106750488e-01
-1.042675170898437500e+02,8.262516260147094727e-01
-1.041849670410156250e+02,8.253883719444274902e-01
-1.041026916503906250e+02,8.245241045951843262e-01
-1.040206756591796875e+02,8.236589431762695312e-01
-1.039389343261718750e+02,8.227927088737487793e-01
-1.038574600219726562e+02,8.219255208969116211e-01
-1.037762451171875000e+02,8.210573196411132812e-01
-1.036952819824218750e+02,8.201880455017089844e-01
-1.036145858764648438e+02,8.193177580833435059e-01
-1.035341339111328125e+02,8.184464573860168457e-01
-1.034539337158203125e+02,8.175740242004394531e-01
-1.033739852905273438e+02,8.167005777359008789e-01
-1.032942810058593750e+02,8.158259987831115723e-01
-1.032148132324218750e+02,8.149503469467163086e-01
-1.031355895996093750e+02,8.140736222267150879e-01
-1.030566024780273438e+02,8.131957054138183594e-01
-1.029778442382812500e+02,8.123167157173156738e-01
-1.028993148803710938e+02,8.114365339279174805e-01
-1.028210144042968750e+02,8.105552792549133301e-01
-1.027429351806640625e+02,8.096727728843688965e-01
-1.026650848388671875e+02,8.087891340255737305e-01
-1.025874481201171875e+02,8.079043030738830566e-01
-1.025100250244140625e+02,8.070182800292968750e-01
-1.024328155517578125e+02,8.061310052871704102e-01
-1.023558197021484375e+02,8.052425384521484375e-01
-1.022790298461914062e+02,8.043528199195861816e-01
-1.022024459838867188e+02,8.034618496894836426e-01
-1.021260604858398438e+02,8.025696277618408203e-01
-1.020498733520507812e+02,8.016761541366577148e-01
-1.019738769531250000e+02,8.007813692092895508e-01
-1.018980865478515625e+02,7.998853325843811035e-01
-1.018224716186523438e+02,7.989879250526428223e-01
-1.017470550537109375e+02,7.980892658233642578e-01
-1.016718139648437500e+02,7.971892356872558594e-01
-1.015967559814453125e+02,7.962878942489624023e-01
-1.015218811035156250e+02,7.953851819038391113e-01
-1.014471740722656250e+02,7.944810986518859863e-01
-1.013726425170898438e+02,7.935756444931030273e-01
-1.012982788085937500e+02,7.926688194274902344e-01
-1.012240905761718750e+02,7.917605638504028320e-01
-1.011500549316406250e+02,7.908509373664855957e-01
-1.010761871337890625e+02,7.899398803710937500e-01
-1.010024795532226562e+02,7.890273928642272949e-01
-1.009289245605468750e+02,7.881134748458862305e-01
-1.008555145263671875e+02,7.871980667114257812e-01
-1.007822647094726562e+02,7.862811684608459473e-01
-1.007091522216796875e+02,7.853628396987915039e-01
-1.006361923217773438e+02,7.844430208206176758e-01
-1.005633697509765625e+02,7.835217118263244629e-01
-1.004906845092773438e+02,7.825988531112670898e-01
-1.004181365966796875e+02,7.816744446754455566e-01
-1.003457183837890625e+02,7.807485461235046387e-01
-1.002734222412109375e+02,7.798210978507995605e-01
-1.002012634277343750e+02,7.788920402526855469e-01
-1.001292266845703125e+02,7.779614925384521484e-01
-1.000573120117187500e+02,7.770292758941650391e-01
-9.998551177978515625e+01,7.760955095291137695e-01
-9.991382598876953125e+01,7.751601338386535645e-01
-9.984225463867187500e+01,7.742231488227844238e-01
-9.977079010009765625e+01,7.732844948768615723e-01
-9.969943237304687500e+01,7.723442316055297852e-01
-9.962817382812500000e+01,7.714022994041442871e-01
-9.955702209472656250e+01,7.704586982727050781e-01
-9.948596954345703125e+01,7.695134282112121582e-01
-9.941500854492187500e+01,7.685664892196655273e-01
-9.934413909912109375e+01,7.676178216934204102e-01
-9.927336120605468750e+01,7.666674852371215820e-01
-9.920266723632812500e+01,7.657153606414794922e-01
-9.913205718994140625e+01,7.647615671157836914e-01
-9.906153106689453125e+01,7.638059854507446289e-01
-9.899108123779296875e+01,7.628486752510070801e-01
-9.892070007324218750e+01,7.618895769119262695e-01
-9.885039520263671875e+01,7.609286904335021973e-01
-9.878015899658203125e+01,7.599660158157348633e-01
-9.870999145507812500e+01,7.590015530586242676e-01
-9.863988494873046875e+01,7.580352425575256348e-01
-9.856983947753906250e+01,7.570671439170837402e-01
-9.849984741210937500e+01,7.560971975326538086e-01
-9.842991638183593750e+01,7.551253437995910645e-01
-9.836003112792968750e+01,7.541517019271850586e-01
-9.829019927978515625e+01,7.531761527061462402e-01
-9.822041320800781250e+01,7.521986961364746094e-01
-9.815066528320312500e+01,7.512193918228149414e-01
-9.808096313476562500e+01,7.502381801605224609e-01
-9.801129150390625000e+01,7.492550015449523926e-01
-9.794165802001953125e+01,7.482699155807495117e-01
-9.787205505371093750e+01,7.472828626632690430e-01
-9.780249023437500000e+01,7.462939023971557617e-01
-9.773294067382812500e+01,7.453029155731201172e-01
-9.766341400146484375e+01,7.443100214004516602e-01
-9.759391021728515625e+01,7.433151006698608398e-01
-9.752442932128906250e+01,7.423181533813476562e-01
-9.745495605468750000e+01,7.413192391395568848e-01
-9.738549041748046875e+01,7.403182387351989746e-01
-9.731604003906250000e+01,7.393152713775634766e-01
-9.724659729003906250e+01,7.383102178573608398e-01
-9.717715454101562500e+01,7.373031377792358398e-01
-9.710770416259765625e+01,7.362939119338989258e-01
-9.703826141357421875e+01,7.352826595306396484e-01
-9.696881103515625000e+01,7.342693209648132324e-01
-9.689934539794921875e+01,7.332538962364196777e-01
-9.682987213134765625e+01,7.322362661361694336e-01
-9.676039123535156250e+01,7.312166094779968262e-01
-9.669087982177734375e+01,7.301947474479675293e-01
-9.662135314941406250e+01,7.291707396507263184e-01
-9.655181121826171875e+01,7.281445860862731934e-01
-9.648223876953125000e+01,7.271162271499633789e-01
-9.641263580322265625e+01,7.260857224464416504e-01
-9.634300231933593750e+01,7.250530123710632324e-01
-9.627333068847656250e+01,7.240180373191833496e-01
-9.620362854003906250e+01,7.229809165000915527e-01
-9.613388061523437500e+01,7.219415307044982910e-01
-9.606408691406250000e+01,7.208998799324035645e-01
-9.599424743652343750e+01,7.198559641838073730e-01
-9.592436218261718750e+01,7.188097834587097168e-01
-9.585443115234375000e+01,7.177613973617553711e-01
-9.578443908691406250e+01,7.167106270790100098e-01
-9.571438598632812500e+01,7.156575918197631836e-01
-9.564427947998046875e+01,7.146022319793701172e-01
-9.557411193847656250e+01,7.135445475578308105e-01
-9.550386810302734375e+01,7.124845385551452637e-01
-9.543356323242187500e+01,7.114222049713134766e-01
-9.536318206787109375e+01,7.103574872016906738e-01
-9.529272460937500000e+01,7.092903852462768555e-01
-9.522219085693359375e+01,7.082208991050720215e-01
-9.515158081054687500e+01,7.071490287780761719e-01
-9.508088684082031250e+01,7.060747146606445312e-01
-9.501010131835937500e+01,7.049980163574218750e-01
-9.493922424316406250e+01,7.039188742637634277e-01
-9.486826324462890625e+01,7.028372883796691895e-01
-9.479720306396484375e+01,7.017532587051391602e-01
-9.472604370117187500e+01,7.006667256355285645e-01
-9.465478515625000000e+01,6.995777487754821777e-01
-9.458342742919921875e+01,6.984863281250000000e-01
-9.451196289062500000e+01,6.973923444747924805e-01
-9.444038391113281250e+01,6.962958574295043945e-01
-9.436869812011718750e+01,6.951968669891357422e-01
-9.429689025878906250e+01,6.940953135490417480e-01
-9.422496795654296875e+01,6.929912567138671875e-01
-9.415292358398437500e+01,6.918845772743225098e-01
-9.408075714111328125e+01,6.907753944396972656e-01
-9.400846099853515625e+01,6.896635890007019043e-01
-9.393603515625000000e+01,6.885492205619812012e-01
-9.386347961425781250e+01,6.874322295188903809e-01
-9.379079437255859375e+01,6.863126158714294434e-01
-9.371796417236328125e+01,6.851903796195983887e-01
-9.364498901367187500e+01,6.840654611587524414e-01
-9.357187652587890625e+01,6.829379796981811523e-01
-9.349919128417968750e+01,6.818166375160217285e-01
-9.343498229980468750e+01,6.808243989944458008e-01
-9.337068176269531250e+01,6.798281073570251465e-01
-9.330629730224609375e+01,6.788277626037597656e-01
-9.324182128906250000e+01,6.778234243392944336e-01
-9.317726135253906250e+01,6.768150925636291504e-01
-9.311260986328125000e+01,6.758027672767639160e-01
-9.304788208007812500e+01,6.747865676879882812e-01
-9.298306274414062500e+01,6.737664341926574707e-01
-9.291815948486328125e+01,6.727424263954162598e-01
-9.285317230224609375e+01,6.717145442962646484e-01
-9.278810119628906250e+01,6.706829071044921875e-01
-9.272295379638671875e+01,6.696473956108093262e-01
-9.265772247314453125e+01,6.686081886291503906e-01
-9.259240722656250000e+01,6.675652265548706055e-01
-9.252702331542968750e+01,6.665185093879699707e-01
-9.246154785156250000e+01,6.654681563377380371e-01
-9.239600372314453125e+01,6.644141077995300293e-01
-9.233037567138671875e+01,6.633564829826354980e-01
-9.226467132568359375e+01,6.622952222824096680e-01
-9.219889831542968750e+01,6.612304449081420898e-01
-9.213304138183593750e+01,6.601620316505432129e-01
-9.206710815429687500e+01,6.590901613235473633e-01
-9.200111389160156250e+01,6.580147743225097656e-01
-9.193503570556640625e+01,6.569359302520751953e-01
-9.186888885498046875e+01,6.558536887168884277e-01
-9.180267333984375000e+01,6.547679901123046875e-01
-9.173638153076171875e+01,6.536789536476135254e-01
-9.167002105712890625e+01,6.525865197181701660e-01
-9.160359191894531250e+01,6.514907479286193848e-01
-9.153709411621093750e+01,6.503917574882507324e-01
-9.147052001953125000e+01,6.492894291877746582e-01
-9.140389251708984375e+01,6.481838822364807129e-01
-9.133718872070312500e+01,6.470751166343688965e-01
-9.127042388916015625e+01,6.459631323814392090e-01
-9.120359802246093750e+01,6.448480486869812012e-01
-9.113670349121093750e+01,6.437298059463500977e-01
-9.106974029541015625e+01,6.426084637641906738e-01
-9.100271606445312500e+01,6.414840221405029297e-01
-9.093563842773437500e+01,6.403565406799316406e-01
-9.086849212646484375e+01,6.392260193824768066e-01
-9.080128479003906250e+01,6.380925178527832031e-01
-9.073402404785156250e+01,6.369560956954956055e-01
-9.066669464111328125e+01,6.358166933059692383e-01
-9.059931182861328125e+01,6.346743702888488770e-01
-9.053187561035156250e+01,6.335291266441345215e-01
-9.046437072753906250e+01,6.323810815811157227e-01
-9.039682006835937500e+01,6.312302350997924805e-01
-9.032920837402343750e+01,6.300765275955200195e-01
-9.026155090332031250e+01,6.289200782775878906e-01
-9.019383239746093750e+01,6.277608275413513184e-01
-9.012605285644531250e+01,6.265988945960998535e-01
-9.005823516845703125e+01,6.254342794418334961e-01
-8.999035644531250000e+01,6.242669820785522461e-01
-8.992242431640625000e+01,6.230970621109008789e-01
-8.985444641113281250e+01,6.219245195388793945e-01
-8.978642272949218750e+01,6.207494139671325684e-01
-8.971834564208984375e+01,6.195717453956604004e-01
-8.965022277832031250e+01,6.183915138244628906e-01
-8.958204650878906250e+01,6.172088384628295898e-01
-8.951383209228515625e+01,6.160236597061157227e-01
-8.944556427001953125e+01,6.148360371589660645e-01
-8.937725830078125000e+01,6.136460304260253906e-01
-8.930889892578125000e+01,6.124535799026489258e-01
-8.924050140380859375e+01,6.112588047981262207e-01
-8.917205810546875000e+01,6.100617051124572754e-01
-8.910357666015625000e+01,6.088622808456420898e-01
-8.903504943847656250e+01,6.076605319976806641e-01
-8.896648406982421875e+01,6.064565777778625488e-01
-8.889787292480468750e+01,6.052504181861877441e-01
-8.882923126220703125e+01,6.040420532226562500e-01
-8.876054382324218750e+01,6.028314828872680664e-01
-8.869182586669921875e+01,6.016187667846679688e-01
-8.862306213378906250e+01,6.004039645195007324e-01
-8.855426788330078125e+01,5.991870760917663574e-01
-8.848543548583984375e+01,5.979681611061096191e-01
-8.841656494140625000e+01,5.967471599578857422e-01
-8.834766387939453125e+01,5.955241918563842773e-01
-8.827873229980468750e+01,5.942991971969604492e-01
-8.820976257324218750e+01,5.930722951889038086e-01
-8.814076232910156250e+01,5.918434858322143555e-01
-8.807173156738281250e+01,5.906127095222473145e-01
-8.800266265869140625e+01,5.893801450729370117e-01
-8.793357086181640625e+01,5.881456732749938965e-01
-8.786444854736328125e+01,5.869094729423522949e-01
-8.779530334472656250e+01,5.856714248657226562e-01
-8.772611999511718750e+01,5.844316482543945312e-01
-8.765691375732421875e+01,5.831901431083679199e-01
-8.758768463134765625e+01,5.819469094276428223e-01
-8.751843261718750000e+01,5.807020068168640137e-01
-8.744914245605468750e+01,5.794554948806762695e-01
-8.737983703613281250e+01,5.782073140144348145e-01
-8.731050872802734375e+01,5.769575834274291992e-01
-8.724115753173828125e+01,5.757062435150146484e-01
-8.717178344726562500e+01,5.744534134864807129e-01
-8.710238647460937500e+01,5.731990337371826172e-01
-8.703297424316406250e+01,5.719432234764099121e-01
-8.696353912353515625e+01,5.706859230995178223e-01
-8.689408874511718750e+01,5.694271922111511230e-01
-8.682461547851562500e+01,5.681670904159545898e-01
-8.675511932373046875e+01,5.669055581092834473e-01
-8.668560791015625000e+01,5.656427145004272461e-01
-8.661608886718750000e+01,5.643785595893859863e-01
-8.654655456542968750e+01,5.631131529808044434e-01
-8.647699737548828125e+01,5.618464350700378418e-01
-8.640743255615234375e+01,5.605785250663757324e-01
-8.633785247802734375e+01,5.593093633651733398e-01
-8.626826477050781250e+01,5.580390691757202148e-01
-8.619865417480468750e+01,5.567675828933715820e-01
-8.612904357910156250e+01,5.554949641227722168e-01
-8.605941772460937500e+01,5.542212724685668945e-01
-8.598977661132812500e+01,5.529465675354003906e-01
-8.592013549804687500e+01,5.516707301139831543e-01
-8.585048675537109375e+01,5.503939390182495117e-01
-8.578082275390625000e+01,5.491161346435546875e-01
-8.571116638183593750e+01,5.478373765945434570e-01
-8.564149475097656250e+01,5.465576648712158203e-01
-8.557180786132812500e+01,5.452770590782165527e-01
-8.550213623046875000e+01,5.439956188201904297e-01
-8.543244934082031250e+01,5.427132844924926758e-01
-8.536276245117187500e+01,5.414301753044128418e-01
-8.529307556152343750e+01,5.401462316513061523e-01
-8.522338104248046875e+01,5.388615131378173828e-01
-8.515368652343750000e+01,5.375760793685913086e-01
-8.508399963378906250e+01,5.362899303436279297e-01
-8.501430511474609375e+01,5.350031256675720215e-01
-8.494461822509765625e+01,5.337156653404235840e-01
-8.487492370605468750e+01,5.324275493621826172e-01
-8.480524444580078125e+01,5.311388373374938965e-01
-8.473556518554687500e+01,5.298495292663574219e-01
-8.466588592529296875e+01,5.285596847534179688e-01
-8.459622192382812500e+01,5.272693634033203125e-01
-8.452655029296875000e+01,5.259785056114196777e-01
-8.445689392089843750e+01,5.246871709823608398e-01
-8.438723754882812500e+01,5.233954191207885742e-01
-8.431759643554687500e+01,5.221033096313476562e-01
-8.424796295166015625e+01,5.208107829093933105e-01
-8.417833709716796875e+01,5.195178985595703125e-01
-8.410871887207031250e+01,5.182246565818786621e-01
-8.403912353515625000e+01,5.169311761856079102e-01
-8.396952819824218750e+01,5.156373977661132812e-01
-8.389994812011718750e+01,5.143433809280395508e-01
-8.383038330078125000e+01,5.130491256713867188e-01
-8.376082611083984375e+01,5.117546916007995605e-01
-8.369128417968750000e+01,5.104601383209228516e-01
-8.362176513671875000e+01,5.091654062271118164e-01
-8.355226135253906250e+01,5.078705549240112305e-01
-8.348277282714843750e+01,5.065757036209106445e-01
-8.341329956054687500e+01,5.052807331085205078e-01
-8.334384155273437500e+01,5.039857625961303711e-01
-8.327440643310546875e+01,5.026907920837402344e-01
-8.320499420166015625e+01,5.013958215713500977e-01
-8.313559722900390625e+01,5.001009702682495117e-01
-8.306622314453125000e+01,4.988061785697937012e-01
-8.299687194824218750e+01,4.975115060806274414e-01
-8.292754364013671875e+01,4.962169826030731201e-01
-8.285823822021484375e+01,4.949226081371307373e-01
-8.278895568847656250e+01,4.936284422874450684e-01
-8.271969604492187500e+01,4.923344850540161133e-01
-8.265046691894531250e+01,4.910407960414886475e-01
-8.258126068115234375e+01,4.897474050521850586e-01
-8.251208496093750000e+01,4.884542822837829590e-01
-8.244293212890625000e+01,4.871615171432495117e-01
-8.237380981445312500e+01,4.858691096305847168e-01
-8.230471801757812500e+01,4.845771193504333496e-01
-8.223565673828125000e+01,4.832855165004730225e-01
-8.216662597656250000e+01,4.819943606853485107e-01
-8.209762573242187500e+01,4.807036817073822021e-01
-8.202865600585937500e+01,4.794135093688964844e-01
-8.195972442626953125e+01,4.781238436698913574e-01
-8.189082336425781250e+01,4.768347442150115967e-01
-8.182195281982421875e+01,4.755462408065795898e-01
-8.175312042236328125e+01,4.742583334445953369e-01
-8.168432617187500000e+01,4.729710519313812256e-01
-8.161557006835937500e+01,4.716844558715820312e-01
-8.154684448242187500e+01,4.703985452651977539e-01
-8.147815704345703125e+01,4.691133499145507812e-01
-8.140951538085937500e+01,4.678288996219635010e-01
-8.134091186523437500e+01,4.665452539920806885e-01
-8.127233886718750000e+01,4.652623832225799561e-01
-8.120381164550781250e+01,4.639803469181060791e-01
-8.113533020019531250e+01,4.626991748809814453e-01
-8.106689453125000000e+01,4.614188671112060547e-01
-8.099848937988281250e+01,4.601395130157470703e-01
-8.093013763427734375e+01,4.588610529899597168e-01
-8.086183166503906250e+01,4.575836062431335449e-01
-8.079356384277343750e+01,4.563071131706237793e-01
-8.072534179687500000e+01,4.550316631793975830e-01
-8.065717315673828125e+01,4.537572562694549561e-01
-8.058905029296875000e+01,4.524839520454406738e-01
-8.052097320556640625e+01,4.512117207050323486e-01
-8.045294189453125000e+01,4.499406516551971436e-01
-8.038496398925781250e+01,4.486707150936126709e-01
-8.031704711914062500e+01,4.474019706249237061e-01
-8.024916839599609375e+01,4.461344480514526367e-01
-8.018134307861328125e+01,4.448681771755218506e-01
-8.011357116699218750e+01,4.436031877994537354e-01
-8.004585266113281250e+01,4.423394501209259033e-01
-7.997819519042968750e+01,4.410770833492279053e-01
-7.991058349609375000e+01,4.398160576820373535e-01
-7.984303283691406250e+01,4.385564029216766357e-01
-7.977552795410156250e+01,4.372981488704681396e-01
-7.970809173583984375e+01,4.360413551330566406e-01
-7.964070892333984375e+01,4.347860217094421387e-01
-7.957338714599609375e+01,4.335321485996246338e-01
-7.950611877441406250e+01,4.322798252105712891e-01
-7.943891906738281250e+01,4.310290217399597168e-01
-7.937177276611328125e+01,4.297798275947570801e-01
-7.930468750000000000e+01,4.285322129726409912e-01
-7.923767089843750000e+01,4.272862076759338379e-01
-7.917071533203125000e+01,4.260418713092803955e-01
-7.910260009765625000e+01,4.247767329216003418e-01
-7.901741027832031250e+01,4.231961369514465332e-01
-7.893228149414062500e+01,4.216196238994598389e-01
-7.884721374511718750e+01,4.200471341609954834e-01
-7.876220703125000000e+01,4.184787273406982422e-01
-7.867726135253906250e+01,4.169143140316009521e-01
-7.859237670898437500e+01,4.153539538383483887e-01
-7.850754547119140625e+01,4.137976467609405518e-01
-7.842277526855468750e+01,4.122453331947326660e-01
-7.833806610107421875e+01,4.106970727443695068e-01
-7.825341796875000000e+01,4.091527760028839111e-01
-7.816882324218750000e+01,4.076125323772430420e-01
-7.808428955078125000e+01,4.060762822628021240e-01
-7.799980926513671875e+01,4.045440256595611572e-01
-7.791539001464843750e+01,4.030157625675201416e-01
-7.783102416992187500e+01,4.014914929866790771e-01
-7.774671936035156250e+01,3.999711871147155762e-01
-7.766246032714843750e+01,3.984548747539520264e-01
-7.757826995849609375e+01,3.969425559043884277e-01
-7.749412536621093750e+01,3.954341709613800049e-01
-7.741004943847656250e+01,3.939297795295715332e-01
-7.732601928710937500e+01,3.924293220043182373e-01
-7.724204254150390625e+01,3.909328281879425049e-01
-7.715812683105468750e+01,3.894402682781219482e-01
-7.707425689697265625e+01,3.879516720771789551e-01
-7.699044799804687500e+01,3.864670097827911377e-01
-7.690668487548828125e+01,3.849862515926361084e-01
-7.682298278808593750e+01,3.835094571113586426e-01
-7.673931884765625000e+01,3.820365667343139648e-01
-7.665572357177734375e+01,3.805676102638244629e-01
-7.657217407226562500e+01,3.791025578975677490e-01
-7.648867797851562500e+01,3.776414096355438232e-01
-7.640522766113281250e+01,3.761841356754302979e-01
-7.632183837890625000e+01,3.747307956218719482e-01
-7.623849487304687500e+01,3.732813298702239990e-01
-7.615519714355468750e+01,3.718357682228088379e-01
-7.607196044921875000e+01,3.703940808773040771e-01
-7.598876190185546875e+01,3.689562678337097168e-01
-7.590561676025390625e+01,3.675223290920257568e-01
-7.582252502441406250e+01,3.660922348499298096e-01
-7.573947906494140625e+01,3.646660149097442627e-01
-7.565647888183593750e+01,3.632436692714691162e-01
-7.557353210449218750e+01,3.618251681327819824e-01
-7.549063110351562500e+01,3.604104816913604736e-01
-7.540777587890625000e+01,3.589996695518493652e-01
-7.532496643066406250e+01,3.575926721096038818e-01
-7.524221038818359375e+01,3.561895191669464111e-01
-7.515950012207031250e+01,3.547901809215545654e-01
-7.507682800292968750e+01,3.533946871757507324e-01
-7.499420928955078125e+01,3.520029783248901367e-01
-7.491163635253906250e+01,3.506151139736175537e-01
-7.482910156250000000e+01,3.492310047149658203e-01
-7.474662017822265625e+01,3.478507399559020996e-01
-7.466418457031250000e+01,3.464742600917816162e-01
-7.458178710937500000e+01,3.451015651226043701e-01
-7.449943542480468750e+01,3.437326550483703613e-01
-7.441712951660156250e+01,3.423675000667572021e-01
-7.433486175537109375e+01,3.410061597824096680e-01
-7.425263977050781250e+01,3.396485447883605957e-01
-7.417046356201171875e+01,3.382947444915771484e-01
-7.408832550048828125e+01,3.369446694850921631e-01
-7.400623321533203125e+01,3.355983495712280273e-01
-7.392417907714843750e+01,3.342557847499847412e-01
-7.384216308593750000e+01,3.329169750213623047e-01
-7.376020050048828125e+01,3.315818905830383301e-01
-7.367826843261718750e+01,3.302505314350128174e-01
-7.359638214111328125e+01,3.289229273796081543e-01
-7.351453399658203125e+01,3.275990188121795654e-01
-7.343272399902343750e+01,3.262788355350494385e-01
-7.335095214843750000e+01,3.249623775482177734e-01
-7.326922607421875000e+01,3.236496150493621826e-01
-7.318753814697265625e+01,3.223405778408050537e-01
-7.310588073730468750e+01,3.210352063179016113e-01
-7.302426910400390625e+01,3.197335600852966309e-01
-7.294269561767578125e+01,3.184355795383453369e-01
-7.286116027832031250e+01,3.171412646770477295e-01
-7.277965545654296875e+01,3.158506751060485840e-01
-7.269819641113281250e+01,3.145637214183807373e-01
-7.261676025390625000e+01,3.132804334163665771e-01
-7.253536987304687500e+01,3.120008111000061035e-01
-7.245401763916015625e+01,3.107248544692993164e-01
-7.237269592285156250e+01,3.094525635242462158e-01
-7.229141235351562500e+01,3.081839084625244141e-01
-7.221016693115234375e+01,3.069188892841339111e-01
-7.212895202636718750e+01,3.056575059890747070e-01
-7.204777526855468750e+01,3.043997585773468018e-01
-7.196662902832031250e+01,3.031456172466278076e-01
-7.188551330566406250e+01,3.018951117992401123e-01
-7.180443572998046875e+01,3.006482422351837158e-01
-7.172338867187500000e+01,2.994049489498138428e-01
-7.164237976074218750e+01,2.981652915477752686e-01
-7.156140136718750000e+01,2.969292104244232178e-01
-7.148045349121093750e+01,2.956967353820800781e-01
-7.139953613281250000e+01,2.944678664207458496e-01
-7.131864929199218750e+01,2.932425737380981445e-01
-7.123779296875000000e+01,2.920208573341369629e-01
-7.115696716308593750e+01,2.908027172088623047e-01
-7.107617950439453125e+01,2.895881235599517822e-01
-7.099542236328125000e+01,2.883771359920501709e-01
-7.091468811035156250e+01,2.871696949005126953e-01
-7.083398437500000000e+01,2.859658002853393555e-01
-7.075331115722656250e+01,2.847654521465301514e-01
-7.067266845703125000e+01,2.835686504840850830e-01
-7.059204864501953125e+01,2.823753952980041504e-01
-7.051145935058593750e+01,2.811856567859649658e-01
-7.043090820312500000e+01,2.799994647502899170e-01
-7.035037231445312500e+01,2.788168191909790039e-01
-7.026986694335937500e+01,2.776376605033874512e-01
-7.018939208984375000e+01,2.764620184898376465e-01
-7.010894012451171875e+01,2.752898931503295898e-01
-7.002851867675781250e+01,2.741212546825408936e-01
-6.994812011718750000e+01,2.729561328887939453e-01
-6.986774444580078125e+01,2.717944979667663574e-01
-6.978739929199218750e+01,2.706363797187805176e-01
-6.970707702636718750e+01,2.694817185401916504e-01
-6.962677764892578125e+01,2.683305144309997559e-01
-6.954650115966796875e+01,2.671828269958496094e-01
-6.946625518798828125e+01,2.660385668277740479e-01
-6.938603210449218750e+01,2.648977935314178467e-01
-6.930583190917968750e+01,2.637604773044586182e-01
-6.922564697265625000e+01,2.626266181468963623e-01
-6.914549255371093750e+01,2.614961862564086914e-01
-6.906536102294921875e+01,2.603692114353179932e-01
-6.898524475097656250e+01,2.592456936836242676e-01
-6.890515899658203125e+01,2.581255733966827393e-01
-6.882508850097656250e+01,2.570089101791381836e-01
-6.874504089355468750e+01,2.558956444263458252e-01
-6.866502380371093750e+01,2.547858059406280518e-01
-6.858501434326171875e+01,2.536793649196624756e-01
-6.850503540039062500e+01,2.525763511657714844e-01
-6.842506408691406250e+01,2.514767348766326904e-01
-6.834512329101562500e+01,2.503805160522460938e-01
-6.826519775390625000e+01,2.492876797914505005e-01
-6.818528747558593750e+01,2.481982409954071045e-01
-6.810540008544921875e+01,2.471121698617935181e-01
-6.802552795410156250e+01,2.460294812917709351e-01
-6.794567871093750000e+01,2.449501752853393555e-01
-6.786584472656250000e+01,2.438742220401763916e-01
-6.778602600097656250e+01,2.428016364574432373e-01
-6.770622253417968750e+01,2.417324036359786987e-01
-6.762644195556640625e+01,2.406665235757827759e-01
-6.754667663574218750e+01,2.396039813756942749e-01
-6.746691894531250000e+01,2.385447919368743896e-01
-6.738719177246093750e+01,2.374889254570007324e-01
-6.730746459960937500e+01,2.364363968372344971e-01
-6.722776794433593750e+01,2.353871911764144897e-01
-6.714807128906250000e+01,2.343413084745407104e-01
-6.706840515136718750e+01,2.332987338304519653e-01
-6.698873901367187500e+01,2.322594672441482544e-01
-6.690908813476562500e+01,2.312235236167907715e-01
-6.682945251464843750e+01,2.301908582448959351e-01
-6.674983215332031250e+01,2.291615009307861328e-01
-6.667022705078125000e+01,2.281354218721389771e-01
-6.659063720703125000e+01,2.271126359701156616e-01
-6.651104736328125000e+01,2.260931283235549927e-01
-6.643148040771484375e+01,2.250768989324569702e-01
-6.635192108154296875e+01,2.240639328956604004e-01
-6.627236938476562500e+01,2.230542302131652832e-01
-6.619283294677734375e+01,2.220477908849716187e-01
-6.611331176757812500e+01,2.210446000099182129e-01
-6.603379058837890625e+01,2.200446575880050659e-01
-6.595428466796875000e+01,2.190479636192321777e-01
-6.587478637695312500e+01,2.180545032024383545e-01
-6.579530334472656250e+01,2.170642912387847900e-01
-6.571582031250000000e+01,2.160772830247879028e-01
-6.563635253906250000e+01,2.150935232639312744e-01
-6.555688476562500000e+01,2.141129672527313232e-01
-6.547743225097656250e+01,2.131356149911880493e-01
-6.539799499511718750e+01,2.121614813804626465e-01
-6.531855010986328125e+01,2.111905515193939209e-01
-6.523912048339843750e+01,2.102228254079818726e-01
-6.515969848632812500e+01,2.092582732439041138e-01
-6.508027648925781250e+01,2.082969248294830322e-01
-6.500086975097656250e+01,2.073387503623962402e-01
-6.492146301269531250e+01,2.063837647438049316e-01
-6.484205627441406250e+01,2.054319381713867188e-01
-6.476266479492187500e+01,2.044832855463027954e-01
-6.468327331542968750e+01,2.035377919673919678e-01
-6.460388183593750000e+01,2.025954574346542358e-01
-6.452450561523437500e+01,2.016562670469284058e-01
-6.444512176513671875e+01,2.007202208042144775e-01
-6.436575317382812500e+01,1.997873336076736450e-01
-6.428637695312500000e+01,1.988575756549835205e-01
-6.420700836181640625e+01,1.979309469461441040e-01
-6.412763977050781250e+01,1.970074325799942017e-01
-6.404827880859375000e+01,1.960870623588562012e-01
-6.396891403198242188e+01,1.951697915792465210e-01
-6.388955307006835938e+01,1.942556351423263550e-01
-6.381019592285156250e+01,1.933445781469345093e-01
-6.373083877563476562e+01,1.924366354942321777e-01
-6.365147781372070312e+01,1.915317773818969727e-01
-6.357212066650390625e+01,1.906300187110900879e-01
-6.349276351928710938e+01,1.897313445806503296e-01
-6.341340637207031250e+01,1.888357400894165039e-01
-6.333404922485351562e+01,1.879432201385498047e-01
-6.325468826293945312e+01,1.870537698268890381e-01
-6.317532730102539062e+01,1.861673891544342041e-01
-6.309596633911132812e+01,1.852840483188629150e-01
-6.301660156250000000e+01,1.844037771224975586e-01
-6.293723678588867188e+01,1.835265606641769409e-01
-6.285786819458007812e+01,1.826523840427398682e-01
-6.277849578857421875e+01,1.817812472581863403e-01
-6.269911956787109375e+01,1.809131354093551636e-01
-6.261973953247070312e+01,1.800480633974075317e-01
-6.254035949707031250e+01,1.791860163211822510e-01
-6.246097183227539062e+01,1.783269792795181274e-01
-6.238158035278320312e+01,1.774709522724151611e-01
-6.230218505859375000e+01,1.766179502010345459e-01
-6.222278213500976562e+01,1.757679432630538940e-01
-6.214337539672851562e+01,1.749209314584732056e-01
-6.206396484375000000e+01,1.740769147872924805e-01
-6.198454666137695312e+01,1.732358932495117188e-01
-6.190512084960937500e+01,1.723978519439697266e-01
-6.182568740844726562e+01,1.715627908706665039e-01
-6.174625015258789062e+01,1.707306951284408569e-01
-6.166680145263671875e+01,1.699015796184539795e-01
-6.158734893798828125e+01,1.690754145383834839e-01
-6.150788879394531250e+01,1.682522147893905640e-01
-6.142841720581054688e+01,1.674319654703140259e-01
-6.134893798828125000e+01,1.666146516799926758e-01
-6.126945114135742188e+01,1.658003032207489014e-01
-6.118995285034179688e+01,1.649888753890991211e-01
-6.111044311523437500e+01,1.641803830862045288e-01
-6.103092956542968750e+01,1.633748263120651245e-01
-6.095140075683593750e+01,1.625721752643585205e-01
-6.087186050415039062e+01,1.617724597454071045e-01
-6.079231262207031250e+01,1.609756350517272949e-01
-6.071275329589843750e+01,1.601817309856414795e-01
-6.063318252563476562e+01,1.593907326459884644e-01
-6.055359649658203125e+01,1.586026251316070557e-01
-6.047400283813476562e+01,1.578174084424972534e-01
-6.039439392089843750e+01,1.570350825786590576e-01
-6.031477355957031250e+01,1.562556326389312744e-01
-6.023513793945312500e+01,1.554790586233139038e-01
-6.015549087524414062e+01,1.547053605318069458e-01
-6.007582855224609375e+01,1.539345234632492065e-01
-5.999615097045898438e+01,1.531665474176406860e-01
-5.991646194458007812e+01,1.524014174938201904e-01
-5.983675384521484375e+01,1.516391485929489136e-01
-5.975703430175781250e+01,1.508797258138656616e-01
-5.967729949951171875e+01,1.501231491565704346e-01
-5.959754562377929688e+01,1.493694037199020386e-01
-5.951778030395507812e+01,1.486184895038604736e-01
-5.943799591064453125e+01,1.478703916072845459e-01
-5.935819625854492188e+01,1.471251100301742554e-01
-5.927837753295898438e+01,1.463826596736907959e-01
-5.919853973388671875e+01,1.456430107355117798e-01
-5.911868667602539062e+01,1.449061632156372070e-01
-5.903881835937500000e+01,1.441721171140670776e-01
-5.895892715454101562e+01,1.434408724308013916e-01
-5.887902069091796875e+01,1.427124142646789551e-01
-5.879909133911132812e+01,1.419867426156997681e-01
-5.871914672851562500e+01,1.412638425827026367e-01
-5.863917922973632812e+01,1.405437141656875610e-01
-5.855919647216796875e+01,1.398263722658157349e-01
-5.847918701171875000e+01,1.391117721796035767e-01
-5.839916229248046875e+01,1.383999437093734741e-01
-5.831911468505859375e+01,1.376908719539642334e-01
-5.823904418945312500e+01,1.369845420122146606e-01
-5.815895462036132812e+01,1.362809538841247559e-01
-5.807884216308593750e+01,1.355801075696945190e-01
-5.799870681762695312e+01,1.348819881677627563e-01
-5.791855239868164062e+01,1.341866105794906616e-01
-5.783837127685546875e+01,1.334939450025558472e-01
-5.775816726684570312e+01,1.328039914369583130e-01
-5.767794418334960938e+01,1.321167647838592529e-01
-5.759769058227539062e+01,1.314322352409362793e-01
-5.751741790771484375e+01,1.307504177093505859e-01
-5.743711853027343750e+01,1.300712972879409790e-01
-5.735679626464843750e+01,1.293948590755462646e-01
-5.727644729614257812e+01,1.287211179733276367e-01
-5.719607162475585938e+01,1.280500590801239014e-01
-5.711567306518554688e+01,1.273816674947738647e-01
-5.703524780273437500e+01,1.267159581184387207e-01
-5.695479583740234375e+01,1.260529011487960815e-01
-5.687431716918945312e+01,1.253925263881683350e-01
-5.679381179809570312e+01,1.247347965836524963e-01
-5.671327590942382812e+01,1.240797191858291626e-01
-5.663271713256835938e+01,1.234272867441177368e-01
-5.655212783813476562e+01,1.227774992585182190e-01
-5.647150802612304688e+01,1.221303418278694153e-01
-5.639086532592773438e+01,1.214858219027519226e-01
-5.631018829345703125e+01,1.208439245820045471e-01
-5.622948455810546875e+01,1.202046498656272888e-01
-5.614875030517578125e+01,1.195679903030395508e-01
-5.606798934936523438e+01,1.189339458942413330e-01
-5.598719024658203125e+01,1.183025017380714417e-01
-5.590637207031250000e+01,1.176736578345298767e-01
-5.582551574707031250e+01,1.170474141836166382e-01
-5.574462890625000000e+01,1.164237558841705322e-01
-5.566371154785156250e+01,1.158026829361915588e-01
-5.558276367187500000e+01,1.151841953396797180e-01
-5.550177764892578125e+01,1.145682781934738159e-01
-5.542076110839843750e+01,1.139549314975738525e-01
-5.533971405029296875e+01,1.133441478013992310e-01
-5.525863647460937500e+01,1.127359271049499512e-01
-5.517752075195312500e+01,1.121302545070648193e-01
-5.509637451171875000e+01,1.115271374583244324e-01
-5.501519012451171875e+01,1.109265685081481934e-01
-5.493397521972656250e+01,1.103285327553749084e-01
-5.485272979736328125e+01,1.097330302000045776e-01
-5.477143859863281250e+01,1.091400608420372009e-01
-5.469011688232421875e+01,1.085496172308921814e-01
-5.460876464843750000e+01,1.079616844654083252e-01
-5.452736663818359375e+01,1.073762699961662292e-01
-5.444593811035156250e+01,1.067933663725852966e-01
-5.436447143554687500e+01,1.062129661440849304e-01
-5.428297424316406250e+01,1.056350618600845337e-01
-5.420143127441406250e+01,1.050596460700035095e-01
-5.411985015869140625e+01,1.044867262244224548e-01
-5.403823852539062500e+01,1.039162874221801758e-01
-5.395658111572265625e+01,1.033483296632766724e-01
-5.387489318847656250e+01,1.027828380465507507e-01
-5.379315948486328125e+01,1.022198200225830078e-01
-5.371138763427734375e+01,1.016592606902122498e-01
-5.362957763671875000e+01,1.011011600494384766e-01
-5.354772949218750000e+01,1.005455106496810913e-01
-5.346583557128906250e+01,9.999231249094009399e-02
-5.338390350341796875e+01,9.944155812263488770e-02
-5.330193328857421875e+01,9.889323264360427856e-02
-5.321991729736328125e+01,9.834734350442886353e-02
-5.313786315917968750e+01,9.780388325452804565e-02
-5.305577087402343750e+01,9.726284444332122803e-02
-5.297363281250000000e+01,9.672421962022781372e-02
-5.289144897460937500e+01,9.618800878524780273e-02
-5.280922698974609375e+01,9.565420448780059814e-02
-5.272695922851562500e+01,9.512280672788619995e-02
-5.264465332031250000e+01,9.459379315376281738e-02
-5.256229400634765625e+01,9.406717866659164429e-02
-5.247989654541015625e+01,9.354294836521148682e-02
-5.239745330810546875e+01,9.302110224962234497e-02
-5.231497192382812500e+01,9.250163286924362183e-02
-5.223243713378906250e+01,9.198453277349472046e-02
-5.214985656738281250e+01,9.146979451179504395e-02
-5.206723785400390625e+01,9.095741808414459229e-02
-5.198456573486328125e+01,9.044739603996276855e-02
-5.190185546875000000e+01,8.993972837924957275e-02
-5.181909179687500000e+01,8.943440765142440796e-02
-5.173628234863281250e+01,8.893142640590667725e-02
-5.165342712402343750e+01,8.843077719211578369e-02
-5.157051849365234375e+01,8.793245255947113037e-02
-5.148757171630859375e+01,8.743645995855331421e-02
-5.140457153320312500e+01,8.694279193878173828e-02
-5.132151794433593750e+01,8.645143359899520874e-02
-5.123842620849609375e+01,8.596237748861312866e-02
-5.115527343750000000e+01,8.547563850879669189e-02
-5.107208251953125000e+01,8.499118685722351074e-02
-5.098883819580078125e+01,8.450903743505477905e-02
-5.090554046630859375e+01,8.402917534112930298e-02
-5.082218933105468750e+01,8.355160057544708252e-02
-5.073879241943359375e+01,8.307629823684692383e-02
-5.065534973144531250e+01,8.260327577590942383e-02
-5.057184600830078125e+01,8.213251829147338867e-02
-5.048829650878906250e+01,8.166402578353881836e-02
-5.040469360351562500e+01,8.119779080152511597e-02
-5.032103729248046875e+01,8.073381334543228149e-02
-5.023732757568359375e+01,8.027207851409912109e-02
-5.015356445312500000e+01,7.981259375810623169e-02
-5.006974792480468750e+01,7.935534417629241943e-02
-4.998587799072265625e+01,7.890032231807708740e-02
-4.990195465087890625e+01,7.844753563404083252e-02
-4.981797790527343750e+01,7.799696922302246094e-02
-4.973394775390625000e+01,7.754861563444137573e-02
-4.964985656738281250e+01,7.710248231887817383e-02
-4.956571197509765625e+01,7.665855437517166138e-02
-4.948151397705078125e+01,7.621682435274124146e-02
-4.939726257324218750e+01,7.577729970216751099e-02
-4.931295013427734375e+01,7.533996552228927612e-02
-4.922858428955078125e+01,7.490481436252593994e-02
-4.914416503906250000e+01,7.447184622287750244e-02
-4.905968475341796875e+01,7.404105365276336670e-02
-4.897514343261718750e+01,7.361243665218353271e-02
-4.889054870605468750e+01,7.318598031997680664e-02
-4.880589294433593750e+01,7.276169210672378540e-02
-4.872117614746093750e+01,7.233955711126327515e-02
-4.863640594482421875e+01,7.191957533359527588e-02
-4.855157470703125000e+01,7.150173932313919067e-02
-4.846668243408203125e+01,7.108604162931442261e-02
-4.838172912597656250e+01,7.067248225212097168e-02
-4.829672241210937500e+01,7.026105374097824097e-02
-4.821164703369140625e+01,6.985175609588623047e-02
-4.812651824951171875e+01,6.944457441568374634e-02
-4.804132843017578125e+01,6.903950870037078857e-02
-4.795606994628906250e+01,6.863655149936676025e-02
-4.787075805664062500e+01,6.823570281267166138e-02
-4.778537750244140625e+01,6.783695518970489502e-02
-4.769993591308593750e+01,6.744030117988586426e-02
-4.761443328857421875e+01,6.704573333263397217e-02
-4.752886199951171875e+01,6.665325909852981567e-02
-4.744323730468750000e+01,6.626285612583160400e-02
-4.735754394531250000e+01,6.587453186511993408e-02
-4.727178192138671875e+01,6.548827886581420898e-02
-4.718596649169921875e+01,6.510408967733383179e-02
-4.710007476806640625e+01,6.472195684909820557e-02
-4.701412200927734375e+01,6.434188783168792725e-02
-4.692810821533203125e+01,6.396386027336120605e-02
-4.684202575683593750e+01,6.358787417411804199e-02
-4.675587463378906250e+01,6.321393698453903198e-02
-4.666966247558593750e+01,6.284202635288238525e-02
-4.658338165283203125e+01,6.247214600443840027e-02
-4.649703216552734375e+01,6.210428848862648010e-02
-4.641062164306640625e+01,6.173845008015632629e-02
-4.632413482666015625e+01,6.137462705373764038e-02
-4.623758697509765625e+01,6.101281195878982544e-02
-4.615097045898437500e+01,6.065300107002258301e-02
-4.606427764892578125e+01,6.029518693685531616e-02
-4.597752380371093750e+01,5.993936583399772644e-02
-4.589070129394531250e+01,5.958553403615951538e-02
-4.580380249023437500e+01,5.923368409276008606e-02
-4.571684265136718750e+01,5.888381227850914001e-02
-4.562980651855468750e+01,5.853591486811637878e-02
-4.554270172119140625e+01,5.818998441100120544e-02
-4.545552825927734375e+01,5.784601345658302307e-02
-4.536827850341796875e+01,5.750400200486183167e-02
-4.528096008300781250e+01,5.716394633054733276e-02
-4.519357299804687500e+01,5.682583525776863098e-02
-4.510610961914062500e+01,5.648966506123542786e-02
-4.501857757568359375e+01,5.615543201565742493e-02
-4.493096923828125000e+01,5.582313239574432373e-02
-4.484329223632812500e+01,5.549275875091552734e-02
-4.475553894042968750e+01,5.516430735588073730e-02
-4.466770935058593750e+01,5.483777448534965515e-02
-4.457981109619140625e+01,5.451314896345138550e-02
-4.449183654785156250e+01,5.419043451547622681e-02
-4.440378570556640625e+01,5.386961624026298523e-02
-4.431565856933593750e+01,5.355069786310195923e-02
-4.422746276855468750e+01,5.323366820812225342e-02
-4.413918304443359375e+01,5.291852727532386780e-02
-4.405083465576171875e+01,5.260526761412620544e-02
-4.396240234375000000e+01,5.229388177394866943e-02
-4.387390136718750000e+01,5.198436602950096130e-02
-4.378532409667968750e+01,5.167671665549278259e-02
-4.369666290283203125e+01,5.137092992663383484e-02
-4.360792541503906250e+01,5.106699466705322266e-02
-4.351911163330078125e+01,5.076491087675094604e-02
-4.343022155761718750e+01,5.046467483043670654e-02
-4.334125518798828125e+01,5.016627535223960876e-02
-4.325220489501953125e+01,4.986971616744995117e-02
-4.316307830810546875e+01,4.957498237490653992e-02
-4.307386779785156250e+01,4.928207397460937500e-02
-4.298458099365234375e+01,4.899098724126815796e-02
-4.289521789550781250e+01,4.870171099901199341e-02
-4.280576324462890625e+01,4.841424897313117981e-02
-4.271623992919921875e+01,4.812858626246452332e-02
-4.262663269042968750e+01,4.784472659230232239e-02
-4.253694152832031250e+01,4.756266251206398010e-02
-4.244716644287109375e+01,4.728238284587860107e-02
-4.235731506347656250e+01,4.700389131903648376e-02
-4.226737976074218750e+01,4.672717675566673279e-02
-4.217736053466796875e+01,4.645223543047904968e-02
-4.208725738525390625e+01,4.617906361818313599e-02
-4.199707031250000000e+01,4.590765386819839478e-02
-4.190679931640625000e+01,4.563800245523452759e-02
-4.181644439697265625e+01,4.537010565400123596e-02
-4.172601318359375000e+01,4.510395973920822144e-02
-4.163549041748046875e+01,4.483955353498458862e-02
-4.154488372802734375e+01,4.457688704133033752e-02
-4.145419311523437500e+01,4.431594908237457275e-02
-4.136341094970703125e+01,4.405674338340759277e-02
-4.127255249023437500e+01,4.379925876855850220e-02
-4.118160247802734375e+01,4.354349523782730103e-02
-4.109056091308593750e+01,4.328944161534309387e-02
-4.099944305419921875e+01,4.303709417581558228e-02
-4.090823364257812500e+01,4.278644919395446777e-02
-4.081693267822265625e+01,4.253750294446945190e-02
-4.072554779052734375e+01,4.229024797677993774e-02
-4.063407135009765625e+01,4.204468056559562683e-02
-4.054251098632812500e+01,4.180079326033592224e-02
-4.045085906982421875e+01,4.155858606100082397e-02
-4.035912322998046875e+01,4.131804779171943665e-02
-4.026729583740234375e+01,4.107917472720146179e-02
-4.017537689208984375e+01,4.084196686744689941e-02
-4.008336639404296875e+01,4.060641303658485413e-02
